소재지,진행상황,컨설팅지원,기술지원,마케팅지원,매출액_2021년,매출액_2022년,매출액_2023년,1인당매출액_2022년,1인당매출액_2023년,영업이익_2021년,영업이익_2022년,영업이익_2023년,종업원수_2021년,종업원수_2022년,종업원수_2023년,매출액증가율_2022년,매출액증가율_2023년,영업이익율_2022년,영업이익율_2023년,고용증가율_2022년,고용증가율_2023년
경기,진행,미지원,미지원,지역자율,2308,2486,2855,497,714,127,90,196,6,5,4,8,15,4,7,-17,-20
충북,진행,미지원,미지원,일반,5420,6423,4795,535,343,325,712,611,9,12,14,19,-25,11,13,33,17
충남,진행,녹색,미지원,미지원,4844,5293,8868,265,328,164,218,325,21,20,27,9,68,4,4,-5,35
전북,진행,미지원,일반,미지원,1338,1845,2230,77,74,93,180,216,12,24,30,38,21,10,10,100,25
울산,중도포기,미지원,미지원,미지원,1626,1827,2077,365,692,150,230,150,7,5,3,12,14,13,7,-29,-40
서울,중도포기,미지원,미지원,미지원,4258,3724,5025,177,173,472,281,599,44,21,29,-13,35,8,12,-52,38
서울,중도포기,미지원,미지원,미지원,1849,2109,1795,264,199,131,174,126,9,8,9,14,-15,8,7,-11,13
대전,진행,미지원,미지원,일반,1479,1105,856,138,95,166,119,73,7,8,9,-25,-22,11,9,14,13
경북,진행,일반,미지원,미지원,7903,7503,7303,469,487,521,471,542,11,16,15,-5,-3,6,7,45,-6
경북,중도포기,미지원,미지원,미지원,2790,15,44,5,15,188,-523,-567,4,3,3,-99,200,-3566,-1289,-25,0
경북,진행,미지원,일반,미지원,2964,2814,3122,235,208,148,217,226,22,12,15,-5,11,8,7,-45,25
경북,진행,미지원,미지원,일반,820,771,772,193,257,21,1,-311,4,4,3,-6,0,0,-40,0,-25
경북,중도포기,미지원,미지원,미지원,1481,2378,2490,198,192,8,141,60,24,12,13,61,5,6,2,-50,8
대구,중도포기,미지원,미지원,미지원,1424,953,1104,95,138,22,53,-541,9,10,8,-33,16,6,-49,11,-20
경남,진행,미지원,일반,미지원,8781,9383,8627,268,254,314,130,317,33,35,34,7,-8,1,4,6,-3
경남,중도포기,미지원,미지원,미지원,385,1049,1231,150,137,6,43,-493,5,7,9,173,17,4,-40,40,29
경기,중도포기,미지원,미지원,미지원,5345,4278,6966,238,410,187,210,381,18,18,17,-20,63,5,5,0,-6
경기,진행,일반,미지원,미지원,1264,1339,1190,223,149,-41,35,-48,8,6,8,6,-11,3,-4,-25,33
경기,중도포기,미지원,미지원,미지원,2806,2784,2526,696,421,166,255,392,5,4,6,-1,-9,9,16,-20,50
경기,중도포기,미지원,미지원,미지원,3957,4548,3509,350,251,255,397,155,11,13,14,15,-23,9,4,18,8
경기,진행,일반,미지원,미지원,1029,1044,3337,261,1112,85,93,521,3,4,3,1,220,9,16,33,-25
경기,진행,미지원,미지원,미지원,2703,3549,4776,296,265,129,206,241,13,12,18,31,35,6,5,-8,50
경기,진행,일반,미지원,미지원,277,370,647,123,216,13,25,46,3,3,3,34,75,7,7,0,0
경기,진행,미지원,미지원,일반,4703,4841,3727,968,532,202,245,259,6,5,7,3,-23,5,7,-17,40
경기,진행,미지원,일반,미지원,907,934,1359,311,453,9,-13,24,3,3,3,3,45,-1,2,0,0
경기,진행,미지원,미지원,지역자율,3169,3816,3662,173,159,359,383,349,21,22,23,20,-4,10,10,5,5
경기,진행,ESG,미지원,미지원,3122,3038,2963,304,329,200,74,182,7,10,9,-3,-2,2,6,43,-10
경기,진행,미지원,지역자율,미지원,1083,933,2013,58,144,-2,19,157,7,16,14,-14,116,2,8,129,-13
경기,진행,미지원,녹색,미지원,4244,4048,3956,253,247,150,169,250,20,16,16,-5,-2,4,6,-20,0
강원,진행,일반,미지원,미지원,855,1074,1159,54,83,62,78,92,9,20,14,26,8,7,8,122,-30
서울,진행,미지원,미지원,일반,6425,7813,8201,521,631,275,242,263,13,15,13,22,5,3,3,15,-13
서울,진행,미지원,미지원,일반,1513,1564,1458,391,486,-13,-6,-152,5,4,3,3,-7,0,-10,-20,-25
서울,진행,미지원,미지원,일반,1888,4043,2685,71,36,-3816,-4218,-6423,44,57,74,114,-34,-104,-239,30,30
서울,진행,미지원,미지원,일반,495,366,400,122,133,-112,-182,-229,3,3,3,-26,9,-50,-57,0,0
강원,진행,일반,미지원,미지원,1740,2177,2161,68,83,-406,-147,219,30,32,26,25,-1,-7,10,7,-19
충남,진행,미지원,미지원,지역자율,623,1118,1169,224,146,-108,-223,-163,5,5,8,79,5,-20,-14,0,60
전북,진행,일반,미지원,미지원,2333,3070,2978,205,186,85,221,255,15,15,16,32,-3,7,9,0,7
전북,진행,미지원,미지원,일반,345,363,353,91,71,11,-47,-21,5,4,5,5,-3,-13,-6,-20,25
전북,진행,미지원,미지원,녹색,2250,2009,4204,100,234,50,-237,147,18,20,18,-11,109,-12,4,11,-10
인천,진행,미지원,일반,미지원,3448,3688,4607,123,136,29,105,-78,27,30,34,7,25,3,-2,11,13
인천,진행,미지원,일반,미지원,613,1275,1438,142,240,97,38,74,5,9,6,108,13,3,5,80,-33
울산,진행,미지원,지역자율,미지원,473,742,741,185,148,14,63,45,5,4,5,57,0,8,6,-20,25
서울,진행,일반,미지원,미지원,55,37,650,5,65,-709,-637,-2337,12,7,10,-33,1659,-1725,-359,-42,43
부산,진행,미지원,일반,미지원,2067,1026,1049,128,210,-226,67,143,9,8,5,-50,2,6,14,-11,-38
부산,진행,미지원,일반,미지원,1001,971,1046,324,209,11,59,65,3,3,5,-3,8,6,6,0,67
부산,진행,미지원,일반,미지원,5367,5008,3525,358,207,476,316,172,28,14,17,-7,-30,6,5,-50,21
부산,진행,미지원,일반,미지원,1210,1175,1745,196,291,-35,14,141,5,6,6,-3,49,1,8,20,0
대전,진행,미지원,지역자율,미지원,8482,7642,7178,546,422,428,583,464,12,14,17,-10,-6,8,6,17,21
경북,진행,미지원,미지원,일반,407,477,501,159,125,13,29,30,6,3,4,17,5,6,6,-50,33
경북,진행,미지원,일반,미지원,1197,1571,410,112,22,-2264,-3846,-2439,26,14,19,31,-74,-245,-596,-46,36
대구,진행,미지원,미지원,일반,1293,1115,1035,159,148,-63,40,59,7,7,7,-14,-7,4,6,0,0
대구,진행,미지원,미지원,일반,1045,1466,1716,209,245,128,128,73,7,7,7,40,17,9,4,0,0
대구,진행,미지원,녹색,미지원,1914,2554,7179,134,326,-685,-254,1112,34,19,22,33,181,-10,15,-44,16
경북,진행,미지원,미지원,지역자율,1402,2537,3148,282,350,273,446,374,12,9,9,81,24,18,12,-25,0
광주,진행,미지원,미지원,일반,2065,2075,2089,231,298,141,313,-195,15,9,7,1,1,15,-9,-40,-22
광주,진행,일반,미지원,미지원,406,1327,1948,190,278,-668,164,152,8,7,7,227,47,12,8,-13,0
전남,진행,미지원,미지원,지역자율,1759,1672,2253,239,322,23,-216,4,24,7,7,-5,35,-13,0,-71,0
경남,진행,미지원,미지원,일반,8323,9232,8835,289,295,321,505,404,38,32,30,11,-4,5,5,-16,-6
경남,진행,미지원,미지원,일반,876,1127,441,40,17,-1688,-2873,-3538,23,28,26,29,-61,-255,-802,22,-7
경남,진행,미지원,일반,미지원,277,264,288,66,58,-58,9,-7,3,4,5,-5,9,3,-2,33,25
경남,진행,미지원,일반,미지원,5132,4640,4762,387,529,247,234,264,10,12,9,-10,3,5,6,20,-25
경남,진행,미지원,미지원,일반,500,544,631,136,210,8,17,38,3,4,3,9,16,3,6,33,-25
경남,중도포기,미지원,미지원,미지원,303,341,378,114,126,115,49,3,4,3,3,13,11,14,1,-25,0
경남,진행,미지원,일반,미지원,4109,4608,1821,768,260,974,673,310,8,6,7,12,-60,15,17,-25,17
경남,진행,미지원,녹색,미지원,795,1757,2135,293,534,111,136,106,4,6,4,121,22,8,5,50,-33
부산,진행,미지원,지역자율,미지원,619,735,954,105,159,40,56,54,7,7,6,19,30,8,6,0,-14
경남,진행,지역자율,미지원,미지원,588,725,1007,104,126,23,6,56,7,7,8,23,39,1,6,0,14
강원,진행,미지원,지역자율,미지원,1126,895,851,179,213,-7,-321,-129,8,5,4,-20,-5,-36,-15,-38,-20
충남,중도포기,미지원,미지원,미지원,9063,8612,10687,718,668,788,629,789,7,12,16,-5,24,7,7,71,33
충남,진행,미지원,미지원,지역자율,7005,8510,4102,284,128,-143,412,-1173,35,30,32,21,-52,5,-29,-14,7
충남,진행,미지원,지역자율,지역자율,2678,4017,4090,236,315,-1411,62,9,24,17,13,50,2,2,0,-29,-24
충남,진행,지역자율,지역자율,지역자율,1179,1626,1993,271,249,86,113,69,6,6,8,38,23,7,3,0,33
충남,진행,지역자율,지역자율,미지원,3717,3878,4409,323,315,109,37,43,15,12,14,4,14,1,1,-20,17
충남,진행,미지원,지역자율,지역자율,2148,9352,11071,585,326,160,1863,479,9,16,34,335,18,20,4,78,113
충남,진행,미지원,지역자율,지역자율,1327,1734,1072,289,179,49,242,31,10,6,6,31,-38,14,3,-40,0
충남,진행,미지원,녹색,녹색,6698,8412,6214,1052,388,190,343,238,9,8,16,26,-26,4,4,-11,100
충남,진행,ESG,ESG,ESG,2424,6625,7979,368,363,83,177,412,12,18,22,173,20,3,5,50,22
충남,진행,미지원,지역자율,지역자율,6120,4493,5885,112,155,810,321,348,32,40,38,-27,31,7,6,25,-5
충남,진행,미지원,지역자율,미지원,987,1063,1183,177,197,46,76,133,4,6,6,8,11,7,11,50,0
대전,진행,미지원,미지원,지역자율,5111,18292,740,1076,148,59,12,-895,17,17,5,258,-96,0,-121,0,-71
대전,진행,ESG,미지원,ESG,339,402,356,45,71,25,20,14,10,9,5,19,-11,5,4,-10,-44
대전,진행,미지원,지역자율,지역자율,7311,7180,5308,449,295,3373,1458,518,30,16,18,-2,-26,20,10,-47,13
대전,진행,미지원,지역자율,미지원,903,948,1083,95,77,126,193,191,13,10,14,5,14,20,18,-23,40
대전,진행,미지원,녹색,미지원,18490,8128,3563,290,162,480,736,-770,60,28,22,-56,-56,9,-22,-53,-21
대전,진행,미지원,지역자율,미지원,1382,1054,792,24,15,210,-142,-803,19,44,54,-24,-25,-14,-101,132,23
대전,진행,미지원,지역자율,미지원,858,937,557,312,186,16,11,0,4,3,3,9,-41,1,0,-25,0
대전,진행,미지원,미지원,지역자율,1414,1242,1130,177,226,58,157,92,8,7,5,-12,-9,13,8,-13,-29
세종,진행,미지원,미지원,녹색,176,437,1029,17,40,-2062,-2242,-2247,12,26,26,148,136,-513,-218,117,0
세종,진행,ESG,미지원,ESG,956,1277,1359,255,227,80,108,99,12,5,6,33,6,8,7,-58,20
경기,중도포기,미지원,미지원,미지원,7823,5157,6429,271,378,55,65,308,16,19,17,-34,25,1,5,19,-11
경기,진행,미지원,지역자율,지역자율,1087,1554,1717,311,245,-48,110,289,6,5,7,43,11,7,17,-17,40
경기,진행,ESG,미지원,ESG,3035,3283,3333,149,159,717,485,598,24,22,21,8,2,15,18,-8,-5
경기,진행,지역자율,미지원,지역자율,2693,3931,4041,491,404,289,271,192,9,8,10,46,3,7,5,-11,25
경기,진행,미지원,지역자율,지역자율,4435,3938,3726,246,248,422,651,264,17,16,15,-11,-5,17,7,-6,-6
경기,진행,지역자율,지역자율,지역자율,3412,3279,4788,328,532,138,61,601,10,10,9,-4,46,2,13,0,-10
경기,진행,지역자율,지역자율,지역자율,4283,5181,3848,216,214,682,523,194,23,24,18,21,-26,10,5,4,-25
경기,진행,ESG,미지원,미지원,4408,5825,6004,149,111,796,319,417,19,39,54,32,3,5,7,105,38
경기,진행,미지원,지역자율,지역자율,3230,3357,3507,480,701,59,120,181,5,7,5,4,4,4,5,40,-29
경기,진행,미지원,지역자율,지역자율,11363,9002,8551,409,389,956,2222,1729,17,22,22,-21,-5,25,20,29,0
경기,진행,미지원,미지원,지역자율,5620,6418,6753,338,355,484,794,764,19,19,19,14,5,12,11,0,0
경기,진행,미지원,녹색,녹색,3085,3041,1710,234,122,909,527,241,12,13,14,-1,-44,17,14,8,8
경기,진행,미지원,녹색,미지원,5028,6423,5854,584,279,235,441,457,11,11,21,28,-9,7,8,0,91
경기,진행,미지원,지역자율,미지원,1073,1472,3067,164,341,326,-137,-4,6,9,9,37,108,-9,0,50,0
경기,진행,ESG,ESG,ESG,2377,2712,2595,339,433,-19,-27,89,8,8,6,14,-4,-1,3,0,-25
경기,진행,녹색,미지원,미지원,937,953,832,106,119,-242,-470,-12,18,9,7,2,-13,-49,-1,-50,-22
경기,진행,ESG,미지원,ESG,1210,1515,1557,303,195,-67,61,71,5,5,8,25,3,4,5,0,60
경기,진행,미지원,녹색,녹색,8236,10545,6496,1054,722,225,411,187,7,10,9,28,-38,4,3,43,-10
경기,진행,미지원,지역자율,지역자율,6758,12547,2989,369,93,-149,-1707,-4858,29,34,32,86,-76,-14,-163,17,-6
경기,진행,미지원,지역자율,지역자율,1016,2063,2116,138,106,-885,-378,-198,28,15,20,103,3,-18,-9,-46,33
경기,진행,미지원,지역자율,미지원,2032,2799,3388,78,94,-1013,-940,-165,20,36,36,38,21,-34,-5,80,0
경기,진행,ESG,미지원,미지원,13429,8126,10007,271,323,219,373,542,27,30,31,-39,23,5,5,11,3
경기,진행,지역자율,지역자율,지역자율,6493,9060,8983,312,225,1668,2910,2226,54,29,40,40,-1,32,25,-46,38
경기,진행,미지원,녹색,미지원,418,485,1703,40,142,-172,-1369,-1440,6,12,12,16,251,-282,-85,100,0
경기,중도포기,미지원,미지원,미지원,5626,11188,12919,509,615,-314,-614,33,21,22,21,99,15,-5,0,5,-5
경기,진행,ESG,미지원,미지원,14891,10245,8862,263,189,831,-465,-1359,35,39,47,-31,-14,-5,-15,11,21
경기,진행,지역자율,지역자율,지역자율,226,313,453,18,20,-705,-2020,-2887,15,17,23,38,45,-646,-637,13,35
경기,진행,미지원,미지원,녹색,2427,1801,1803,164,258,262,-266,75,5,11,7,-26,0,-15,4,120,-36
경기,진행,미지원,미지원,지역자율,1961,2032,1937,677,646,92,151,196,4,3,3,4,-5,7,10,-25,0
경기,진행,ESG,ESG,미지원,2037,1324,424,189,61,121,-225,-183,10,7,7,-35,-68,-17,-43,-30,0
경기,진행,지역자율,지역자율,지역자율,933,1255,1271,418,318,38,57,100,4,3,4,35,1,5,8,-25,33
경기,진행,지역자율,미지원,지역자율,3432,3853,3179,275,289,249,226,51,14,14,11,12,-17,6,2,0,-21
경기,진행,미지원,미지원,녹색,2466,4139,2695,296,159,94,131,218,22,14,17,68,-35,3,8,-36,21
경기,진행,미지원,미지원,지역자율,110,119,106,20,10,-70,-149,-390,4,6,11,9,-11,-125,-369,50,83
경기,진행,녹색,미지원,미지원,3835,2039,2663,127,222,-417,-1677,-1265,20,16,12,-47,31,-82,-48,-20,-25
경기,진행,미지원,지역자율,지역자율,127,227,458,28,92,-453,-701,68,6,8,5,79,102,-309,15,33,-38
경기,중도포기,미지원,미지원,미지원,2018,3463,2262,266,251,76,613,343,9,13,9,72,-35,18,15,44,-31
경기,진행,ESG,ESG,ESG,1701,4722,5631,337,402,18,165,190,14,14,14,178,19,4,3,0,0
경기,진행,ESG,ESG,ESG,3877,4257,3780,85,82,-175,105,21,25,50,46,10,-11,2,1,100,-8
경기,진행,ESG,ESG,ESG,407,1561,1869,260,187,-154,198,254,7,6,10,284,20,13,14,-14,67
경기,진행,ESG,ESG,ESG,1046,1150,1026,88,128,74,152,-393,8,13,8,10,-11,13,-38,63,-38
전남,진행,미지원,녹색,미지원,3247,4456,4030,318,269,34,-6,35,14,14,15,37,-10,0,1,0,7
전남,중도포기,미지원,미지원,미지원,5370,5718,6329,318,275,211,263,41,14,18,23,6,11,5,1,29,28
전남,진행,미지원,지역자율,미지원,3371,7153,6019,174,163,131,314,-787,33,41,37,112,-16,4,-13,24,-10
제주,진행,미지원,미지원,지역자율,44,130,213,19,27,-281,-31,-718,6,7,8,197,64,-24,-337,17,14
제주,진행,미지원,미지원,지역자율,8613,10650,9947,507,524,1297,919,1376,25,21,19,24,-7,9,14,-16,-10
전남,진행,미지원,지역자율,미지원,431,558,373,112,62,23,68,-36,4,5,6,29,-33,12,-10,25,20
경남,진행,미지원,지역자율,미지원,964,1203,1332,60,67,81,227,133,11,20,20,25,11,19,10,82,0
경남,진행,미지원,미지원,녹색,5413,4771,5446,367,545,385,211,375,8,13,10,-12,14,4,7,63,-23
경남,진행,미지원,녹색,녹색,9495,10443,8390,255,200,37,248,331,36,41,42,10,-20,2,4,14,2
경남,중도포기,미지원,미지원,미지원,7261,7129,5980,446,374,518,503,-685,14,16,16,-2,-16,7,-11,14,0
경남,진행,미지원,지역자율,지역자율,1932,3905,3375,145,153,146,376,230,29,27,22,102,-14,10,7,-7,-19
경남,진행,미지원,지역자율,지역자율,5157,4320,6272,240,224,1024,-246,644,18,18,28,-16,45,-6,10,0,56
경남,진행,지역자율,미지원,미지원,3519,3536,6226,196,296,211,174,620,3,18,21,1,76,5,10,500,17
경남,진행,미지원,지역자율,미지원,12818,7384,5555,180,231,904,-3242,-1125,64,41,24,-42,-25,-44,-20,-36,-41
경남,진행,지역자율,지역자율,지역자율,431,3611,4899,60,84,12,190,156,70,60,58,738,36,5,3,-14,-3
경남,진행,ESG,ESG,ESG,2910,4503,4036,188,212,137,156,146,46,24,19,55,-10,3,4,-48,-21
경남,진행,미지원,녹색,미지원,930,3822,5109,425,284,92,337,547,3,9,18,311,34,9,11,200,100
경남,진행,미지원,미지원,지역자율,4031,5537,5869,83,113,3,173,534,56,67,52,37,6,3,9,20,-22
경남,진행,미지원,지역자율,미지원,3693,3800,6426,200,247,337,589,1055,17,19,26,3,69,16,16,12,37
경남,진행,녹색,미지원,미지원,247,141,5,20,0,-74,80,-499,8,7,10,-43,-97,57,-10394,-13,43
경남,진행,미지원,지역자율,지역자율,116,430,791,86,158,15,62,119,6,5,5,272,84,14,15,-17,0
경남,진행,미지원,지역자율,미지원,37,754,1142,251,143,-212,28,-69,4,3,8,1961,51,4,-6,-25,167
경남,진행,녹색,미지원,녹색,30,6,339,1,38,-168,-563,-514,3,9,9,-80,5558,-9383,-151,200,0
경남,진행,미지원,미지원,녹색,4077,6903,7437,575,413,201,289,254,5,12,18,69,8,4,3,140,50
전북,진행,지역자율,미지원,미지원,337,514,661,129,132,-32,-43,-142,5,4,5,52,29,-8,-22,-20,25
전북,진행,녹색,녹색,녹색,1953,2988,3195,374,319,139,479,129,8,8,10,53,7,16,4,0,25
전북,진행,미지원,지역자율,지역자율,1409,1987,2254,181,225,138,197,301,22,11,10,41,13,10,13,-50,-9
전북,진행,미지원,지역자율,미지원,3175,3177,2872,353,319,36,98,83,13,9,9,0,-10,3,3,-31,0
강원,진행,미지원,미지원,지역자율,1386,1110,1480,101,185,91,-26,68,8,11,8,-20,33,-2,5,38,-27
강원,진행,지역자율,지역자율,미지원,8789,15595,17421,538,425,2252,4637,4379,26,29,41,77,12,30,25,12,41
강원,진행,지역자율,미지원,미지원,17,56,436,19,73,-78,-163,84,3,3,6,226,683,-294,19,0,100
강원,진행,ESG,ESG,ESG,2097,4963,6452,551,717,67,201,397,8,9,9,137,30,4,6,13,0
강원,진행,미지원,녹색,미지원,3449,3550,2429,169,116,33,229,11,46,21,21,3,-32,6,0,-54,0
강원,진행,미지원,미지원,미지원,9806,4565,4375,43,48,324,212,-739,130,106,92,-53,-4,5,-17,-18,-13
강원,진행,미지원,지역자율,미지원,5743,6785,7921,339,214,883,868,141,17,20,37,18,17,13,2,18,85
강원,진행,미지원,미지원,지역자율,519,2000,4156,286,519,5,14,202,3,7,8,285,108,1,5,133,14
강원,진행,미지원,지역자율,지역자율,137,179,110,45,28,19,50,-41,5,4,4,31,-38,28,-37,-20,0
강원,진행,지역자율,지역자율,미지원,1711,2071,2887,65,80,-108,155,37,30,32,36,21,39,8,1,7,13
부산,진행,미지원,미지원,미지원,1907,2705,5411,123,246,103,149,1577,22,22,22,42,100,6,29,0,0
부산,진행,미지원,녹색,녹색,660,674,720,67,120,27,36,32,6,10,6,2,7,5,4,67,-40
부산,진행,미지원,지역자율,지역자율,10405,10661,13271,381,369,458,356,1042,29,28,36,2,24,3,8,-3,29
부산,진행,지역자율,지역자율,지역자율,889,1484,1390,82,53,170,302,388,15,18,26,67,-6,20,28,20,44
부산,중도포기,미지원,미지원,미지원,665,1411,1093,61,39,-635,-1248,-1808,36,23,28,112,-23,-88,-165,-36,22
부산,진행,미지원,미지원,지역자율,4993,4543,8296,303,553,-385,153,204,26,15,15,-9,83,3,2,-42,0
부산,진행,미지원,지역자율,지역자율,3252,1473,1586,147,176,50,38,17,14,10,9,-55,8,3,1,-29,-10
부산,진행,미지원,미지원,지역자율,480,607,1763,67,176,-35,20,637,6,9,10,26,190,3,36,50,11
부산,진행,ESG,ESG,ESG,415,440,1458,88,208,253,122,178,5,5,7,6,232,28,12,0,40
대구,진행,ESG,미지원,미지원,516,1225,3433,123,229,-22,-120,86,8,10,15,137,180,-10,3,25,50
대구,진행,미지원,미지원,녹색,1407,1667,1228,167,123,141,31,60,24,10,10,19,-26,2,5,-58,0
대구,진행,미지원,미지원,지역자율,3782,3489,5712,291,408,-351,211,238,22,12,14,-8,64,6,4,-45,17
대구,진행,미지원,지역자율,지역자율,2669,3100,2886,310,206,262,204,331,12,10,14,16,-7,7,11,-17,40
대구,진행,미지원,지역자율,지역자율,1307,1743,2219,145,158,10,16,-239,24,12,14,33,27,1,-11,-50,17
대구,진행,미지원,녹색,녹색,1460,2194,1850,46,88,-1804,-2326,-597,35,48,21,50,-16,-106,-32,37,-56
대구,진행,ESG,ESG,ESG,4091,4454,3908,371,195,340,512,357,9,12,20,9,-12,11,9,33,67
대구,진행,미지원,지역자율,미지원,1609,1746,2198,109,157,31,36,107,17,16,14,9,26,2,5,-6,-13
대구,진행,ESG,ESG,ESG,7423,8735,9456,485,525,371,400,575,16,18,18,18,8,5,6,13,0
대구,진행,미지원,미지원,지역자율,1044,2234,6163,77,385,136,150,231,12,29,16,114,176,7,4,142,-45
대구,진행,미지원,녹색,미지원,2211,1465,1453,163,145,142,18,132,9,9,10,-34,-1,1,9,0,11
대구,진행,지역자율,미지원,미지원,8703,7452,8352,311,232,619,337,639,28,24,36,-14,12,5,8,-14,50
경북,진행,미지원,지역자율,지역자율,1647,1694,2333,424,467,6,38,134,5,4,5,3,38,2,6,-20,25
경북,진행,ESG,미지원,ESG,2497,2018,1530,224,191,294,174,41,9,9,8,-19,-24,9,3,0,-11
경북,진행,녹색,녹색,녹색,1465,3722,7865,620,1311,216,1540,307,4,6,6,154,111,41,4,50,0
경북,진행,미지원,녹색,미지원,304,1827,2411,228,344,39,1002,1087,7,8,7,502,32,55,45,14,-13
경북,진행,미지원,미지원,지역자율,1312,1207,1134,101,113,619,193,209,7,12,10,-8,-6,16,18,71,-17
경북,중도포기,미지원,미지원,미지원,3771,5228,7211,581,1030,-271,161,518,10,9,7,39,38,3,7,-10,-22
경북,진행,미지원,지역자율,미지원,793,1239,1786,65,78,-858,-845,-1129,18,19,23,56,44,-68,-63,6,21
경북,진행,녹색,녹색,미지원,1100,716,1648,119,275,288,150,176,6,6,6,-35,130,21,11,0,0
경북,진행,미지원,미지원,녹색,1569,1551,1458,310,292,122,233,176,4,5,5,-1,-6,15,12,25,0
경북,진행,미지원,미지원,지역자율,3136,2810,3067,187,256,286,-276,-136,16,15,12,-10,9,-10,-4,-6,-20
경북,진행,지역자율,지역자율,미지원,11538,9238,9468,128,163,415,-2073,-241,69,72,58,-20,2,-22,-3,4,-19
경북,진행,지역자율,지역자율,미지원,1098,1759,1490,251,497,-55,57,39,7,7,3,60,-15,3,3,0,-57
경북,진행,미지원,지역자율,지역자율,1753,1898,1645,173,127,193,220,1,11,11,13,8,-13,12,0,0,18
경북,진행,미지원,지역자율,미지원,3719,5061,5209,153,149,36,273,269,31,33,35,36,3,5,5,6,6
경북,진행,미지원,지역자율,미지원,2917,4410,3474,192,109,95,69,143,12,23,32,51,-21,2,4,92,39
경북,진행,지역자율,지역자율,미지원,1950,2264,2655,283,379,103,128,368,6,8,7,16,17,6,14,33,-13
경북,중도포기,미지원,미지원,미지원,10518,14666,22639,262,348,534,683,2836,51,56,65,39,54,5,13,10,16
광주,진행,미지원,지역자율,미지원,3078,3567,3001,210,231,224,651,429,34,17,13,16,-16,18,14,-50,-24
광주,진행,미지원,녹색,녹색,2012,2111,1849,302,205,47,132,53,9,7,9,5,-12,6,3,-22,29
광주,진행,미지원,지역자율,지역자율,1454,2135,2006,356,334,27,25,44,7,6,6,47,-6,1,2,-14,0
광주,진행,미지원,녹색,미지원,11114,11140,10045,557,591,493,496,458,21,20,17,0,-10,4,5,-5,-15
광주,진행,미지원,지역자율,지역자율,3935,4397,3985,35,34,-7515,-5018,-5444,85,124,118,12,-9,-114,-137,46,-5
광주,중도포기,미지원,미지원,미지원,9062,7895,9143,175,208,468,135,613,45,45,44,-13,16,2,7,0,-2
인천,진행,미지원,미지원,미지원,3562,2999,2819,143,157,347,256,237,23,21,18,-16,-6,9,8,-9,-14
인천,진행,녹색,미지원,미지원,4540,3674,5051,367,421,460,371,510,11,10,12,-19,37,10,10,-9,20
인천,진행,미지원,녹색,미지원,1049,1053,2232,132,319,-9,26,103,12,8,7,0,112,2,5,-33,-13
인천,진행,미지원,지역자율,미지원,1863,2276,738,325,105,-48,56,-283,10,7,7,22,-68,2,-38,-30,0
인천,진행,지역자율,지역자율,지역자율,1885,1924,1655,192,207,107,133,137,4,10,8,2,-14,7,8,150,-20
인천,진행,미지원,지역자율,미지원,534,465,456,93,91,-130,-83,6,10,5,5,-13,-2,-18,1,-50,0
인천,진행,ESG,ESG,미지원,2144,2180,2222,104,111,412,422,426,18,21,20,2,2,19,19,17,-5
인천,진행,미지원,녹색,녹색,1392,3090,1078,257,135,-853,538,-1199,11,12,8,122,-65,17,-111,9,-33
전남,진행,지역자율,미지원,미지원,144,78,52,13,6,-127,-231,-285,6,6,8,-46,-33,-297,-551,0,33
전남,진행,미지원,미지원,녹색,2788,2626,5238,63,131,227,134,281,22,42,40,-6,99,5,5,91,-5
전남,진행,ESG,ESG,ESG,523,219,253,37,42,69,45,62,7,6,6,-58,16,20,24,-14,0
전남,진행,미지원,지역자율,미지원,2860,3006,3235,376,294,79,128,136,14,8,11,5,8,4,4,-43,38
전남,진행,미지원,미지원,녹색,3790,4157,5105,297,464,105,232,344,10,14,11,10,23,6,7,40,-21
전남,진행,미지원,지역자율,미지원,2304,2843,2860,316,286,205,333,354,5,9,10,23,1,12,12,80,11
전남,진행,미지원,지역자율,미지원,1577,2028,3008,169,251,9,21,707,13,12,12,29,48,1,24,-8,0
서울,진행,미지원,녹색,녹색,1525,2436,4747,187,297,95,178,180,12,13,16,60,95,7,4,8,23
서울,진행,미지원,미지원,지역자율,3089,3864,3045,276,217,157,14,10,7,14,14,25,-21,0,0,100,0
서울,진행,ESG,ESG,ESG,9651,13661,16744,142,174,1623,3746,3331,88,96,96,42,23,27,20,9,0
서울,진행,미지원,지역자율,지역자율,1011,1014,1060,78,88,-61,-72,-218,7,13,12,0,5,-7,-21,86,-8
서울,진행,미지원,미지원,녹색,1044,2116,1785,264,137,27,38,-494,5,8,13,103,-16,2,-28,60,63
서울,진행,미지원,지역자율,지역자율,2333,5536,10612,168,190,-1998,731,3088,62,33,56,137,92,13,29,-47,70
서울,진행,미지원,지역자율,지역자율,157,524,841,105,120,-569,-102,-425,3,5,7,233,60,-19,-51,67,40
서울,진행,미지원,지역자율,지역자율,1691,2003,1491,154,136,55,32,281,22,13,11,18,-26,2,19,-41,-15
서울,진행,ESG,미지원,ESG,1105,2043,1918,255,479,187,316,54,5,8,4,85,-6,15,3,60,-50
서울,중도포기,미지원,미지원,미지원,894,765,788,59,56,-243,-520,-266,11,13,14,-14,3,-68,-34,18,8
서울,진행,미지원,지역자율,지역자율,4483,2595,2048,137,102,658,-361,-507,17,19,20,-42,-21,-14,-25,12,5
서울,진행,미지원,지역자율,미지원,434,448,516,112,129,19,14,56,3,4,4,3,15,3,11,33,0
서울,진행,미지원,지역자율,지역자율,575,1096,941,274,157,-88,121,55,6,4,6,91,-14,11,6,-33,50
서울,진행,녹색,녹색,녹색,2900,2662,3266,532,816,415,284,705,8,5,4,-8,23,11,22,-38,-20
서울,진행,미지원,지역자율,지역자율,1029,2055,2918,64,65,-1881,-3300,-3526,26,32,45,100,42,-161,-121,23,41
서울,진행,미지원,녹색,미지원,109,311,163,78,54,-472,-265,-361,8,4,3,185,-48,-85,-222,-50,-25
서울,진행,녹색,미지원,녹색,4850,5865,6037,293,262,605,351,316,20,20,23,21,3,6,5,0,15
충북,진행,미지원,지역자율,미지원,434,2117,3627,192,242,206,62,493,13,11,15,388,71,3,14,-15,36
충북,진행,ESG,ESG,미지원,4138,5702,7147,634,715,188,358,545,3,9,10,38,25,6,8,200,11
충북,진행,미지원,지역자율,지역자율,135,60,136,15,45,26,14,-20,3,4,3,-56,127,23,-15,33,-25
충북,진행,지역자율,지역자율,미지원,307,535,500,54,50,49,51,65,8,10,10,74,-7,9,13,25,0
충북,진행,ESG,미지원,미지원,3227,16,1730,0,9,-26837,-36631,-22105,218,185,189,-100,11016,-235329,-1278,-15,2
충북,진행,미지원,녹색,녹색,4214,5746,5615,1149,936,450,363,360,12,5,6,36,-2,6,6,-58,20
충북,진행,미지원,녹색,미지원,2640,3024,2757,131,125,-792,102,151,23,23,22,15,-9,3,5,0,-4
충북,진행,ESG,ESG,미지원,4562,4789,5485,145,131,109,127,28,39,33,42,5,15,3,1,-15,27
충북,진행,ESG,ESG,미지원,1614,1683,1849,187,231,212,361,340,8,9,8,4,10,21,18,13,-11
충북,진행,미지원,녹색,녹색,684,1400,1525,117,127,-166,-395,50,18,12,12,105,9,-28,3,-33,0
충북,진행,지역자율,지역자율,지역자율,3067,3145,3061,210,204,267,74,92,16,15,15,3,-3,2,3,-6,0
충북,진행,미지원,지역자율,미지원,4055,5409,9782,361,699,-1322,-991,-737,24,15,14,33,81,-18,-8,-38,-7
울산,중도포기,미지원,미지원,미지원,2349,1668,1033,278,115,26,16,-176,23,6,9,-29,-38,1,-17,-74,50
울산,중도포기,미지원,미지원,미지원,14072,12373,14487,364,392,2708,1168,1043,19,34,37,-12,17,9,7,79,9
울산,진행,ESG,ESG,미지원,3189,2943,3962,210,233,153,104,109,15,14,17,-8,35,4,3,-7,21
울산,진행,미지원,지역자율,미지원,5054,4213,4829,421,537,174,149,105,22,10,9,-17,15,4,2,-55,-10
울산,진행,미지원,지역자율,미지원,2159,2763,2994,138,250,304,225,359,9,20,12,28,8,8,12,122,-40
충남,진행,일반,일반,일반,557,2368,4534,158,302,50,433,1088,8,15,15,325,91,18,24,88,0
충남,진행,미지원,미지원,일반,11824,10804,11758,150,178,-7,17,297,35,72,66,-9,9,0,3,106,-8
충남,진행,탄소,탄소,미지원,3904,4337,5978,310,352,287,324,369,14,14,17,11,38,7,6,0,21
충남,진행,탄소,탄소,미지원,7736,7851,9309,714,548,59,75,111,16,11,17,1,19,1,1,-31,55
충남,진행,탄소,탄소,미지원,2104,2433,2168,203,167,114,215,220,12,12,13,16,-11,9,10,0,8
충남,진행,일반,미지원,미지원,1110,1194,1428,119,119,48,72,98,10,10,12,8,20,6,7,0,20
충남,진행,미지원,미지원,일반,4430,1799,1815,100,82,374,-450,-593,42,18,22,-59,1,-25,-33,-57,22
충남,진행,탄소,탄소,미지원,9445,10749,13416,489,285,516,331,812,23,22,47,14,25,3,6,-4,114
충남,진행,일반,일반,일반,403,740,938,46,94,-36,20,215,8,16,10,84,27,3,23,100,-38
충남,진행,미지원,일반,미지원,6077,5341,5601,1780,467,546,486,870,12,3,12,-12,5,9,16,-75,300
충남,진행,일반,일반,일반,2470,5069,1761,461,147,69,260,166,12,11,12,105,-65,5,9,-8,9
충남,진행,미지원,일반,미지원,8650,8481,10053,193,258,79,-678,171,24,44,39,-2,19,-8,2,83,-11
충남,진행,탄소,탄소,미지원,3136,3777,3659,210,152,233,335,281,19,18,24,20,-3,9,8,-5,33
충남,진행,미지원,일반,미지원,4217,7447,9096,496,535,577,835,943,20,15,17,77,22,11,10,-25,13
충남,진행,탄소,탄소,미지원,6830,13248,16587,697,663,-389,-1050,1531,24,19,25,94,25,-8,9,-21,32
충남,진행,일반,일반,일반,2180,2754,935,184,67,73,151,-343,13,15,14,26,-66,5,-37,15,-7
충남,진행,일반,미지원,미지원,6403,8688,10097,235,288,-1657,147,-2105,42,37,35,36,16,2,-21,-12,-5
충남,진행,일반,일반,미지원,5090,11894,6824,915,487,93,835,596,21,13,14,134,-43,7,9,-38,8
충남,진행,탄소,탄소,미지원,4381,3399,2249,189,187,353,255,249,18,18,12,-22,-34,8,11,0,-33
충남,진행,미지원,미지원,일반,774,799,612,73,51,81,72,67,9,11,12,3,-23,9,11,22,9
충남,진행,탄소,탄소,미지원,3167,3700,4590,336,417,41,99,216,9,11,11,17,24,3,5,22,0
충남,진행,미지원,일반,일반,4278,4570,4722,326,315,359,414,428,10,14,15,7,3,9,9,40,7
충남,진행,탄소,탄소,미지원,10511,17563,24689,172,199,679,799,1036,80,102,124,67,41,5,4,28,22
충남,진행,미지원,일반,미지원,2331,3948,4214,359,351,217,518,545,12,11,12,69,7,13,13,-8,9
충남,진행,탄소,탄소,미지원,6671,7992,7045,307,282,-467,-476,-1384,23,26,25,20,-12,-6,-20,13,-4
충남,진행,미지원,일반,미지원,8277,12878,8731,585,624,413,896,1512,23,22,14,56,-32,7,17,-4,-36
충남,진행,미지원,일반,일반,910,1488,1849,149,132,148,224,223,10,10,14,64,24,15,12,0,40
충남,진행,미지원,일반,일반,5851,4595,8280,255,276,696,243,1156,32,18,30,-21,80,5,14,-44,67
충남,진행,미지원,일반,일반,1064,1058,843,96,47,138,205,189,18,11,18,-1,-20,19,22,-39,64
충남,중도포기,미지원,미지원,미지원,1594,2748,2242,137,112,169,336,348,20,20,20,72,-18,12,16,0,0
충남,진행,미지원,일반,일반,4502,4828,6217,483,622,529,447,453,7,10,10,7,29,9,7,43,0
충남,진행,미지원,일반,미지원,10103,10974,6941,392,289,2738,530,204,13,28,24,9,-37,5,3,115,-14
충남,진행,미지원,일반,일반,757,1904,2286,100,127,-359,39,-121,14,19,18,151,20,2,-5,36,-5
충남,진행,일반,미지원,일반,4359,2705,2628,159,146,424,-188,93,19,17,18,-38,-3,-7,4,-11,6
충남,중도포기,미지원,미지원,미지원,2025,2421,2055,202,228,99,69,154,22,12,9,20,-15,3,8,-45,-25
충남,진행,일반,미지원,일반,1152,1480,1463,148,183,62,101,101,11,10,8,28,-1,7,7,-9,-20
충남,진행,일반,미지원,일반,2732,1031,629,172,157,188,92,73,8,6,4,-62,-39,9,12,-25,-33
충남,진행,일반,일반,일반,2447,3369,3803,421,475,170,150,276,9,8,8,38,13,4,7,-11,0
충남,진행,미지원,일반,미지원,7312,13988,6936,274,267,570,856,260,21,51,26,91,-50,6,4,143,-49
충남,진행,미지원,일반,미지원,2846,4885,5358,444,595,159,308,337,12,11,9,72,10,6,6,-8,-18
울산,진행,탄소,탄소,미지원,5052,6228,7081,297,443,155,349,368,19,21,16,23,14,6,5,11,-24
울산,진행,미지원,일반,일반,979,745,1031,50,86,13,-84,3,12,15,12,-24,38,-11,0,25,-20
울산,중도포기,미지원,미지원,미지원,4619,4738,4751,237,396,640,359,-471,24,20,12,3,0,8,-10,-17,-40
울산,진행,탄소,탄소,미지원,4260,9050,10630,696,625,237,378,554,10,13,17,112,17,4,5,30,31
울산,진행,미지원,일반,일반,1157,3424,3715,118,310,-2221,-8551,-2662,16,29,12,196,9,-250,-72,81,-59
울산,진행,미지원,일반,미지원,1040,2196,3037,137,160,-16,315,177,13,16,19,111,38,14,6,23,19
울산,진행,일반,미지원,미지원,1614,2013,3276,183,234,90,125,200,13,11,14,25,63,6,6,-15,27
울산,진행,일반,미지원,미지원,1333,2971,2057,371,294,-242,171,-1202,9,8,7,123,-31,6,-58,-11,-13
울산,진행,미지원,미지원,일반,10260,9829,9310,259,291,439,210,206,22,38,32,-4,-5,2,2,73,-16
울산,진행,일반,일반,미지원,996,1674,5637,129,434,-98,-45,686,12,13,13,68,237,-3,12,8,0
울산,진행,탄소,탄소,미지원,10965,14581,19697,347,328,-349,766,814,44,42,60,33,35,5,4,-5,43
울산,진행,일반,미지원,미지원,3604,3851,4970,92,127,344,-1152,414,36,42,39,7,29,-30,8,17,-7
울산,진행,일반,미지원,미지원,1619,2301,3243,460,541,39,132,210,5,5,6,42,41,6,6,0,20
울산,진행,일반,미지원,미지원,2869,3618,4989,517,624,20,474,62,3,7,8,26,38,13,1,133,14
울산,중도포기,미지원,미지원,미지원,3876,5127,7467,214,207,35,68,154,10,24,36,32,46,1,2,140,50
울산,진행,미지원,일반,미지원,1492,1647,987,183,110,158,173,225,12,9,9,10,-40,10,23,-25,0
울산,진행,일반,미지원,미지원,5126,7466,8778,415,462,75,128,159,16,18,19,46,18,2,2,13,6
울산,진행,미지원,일반,미지원,1577,1652,2313,330,463,79,157,221,9,5,5,5,40,10,10,-44,0
울산,진행,미지원,미지원,일반,2024,6237,2691,156,52,-345,902,-1021,18,40,52,208,-57,14,-38,122,30
울산,진행,일반,일반,미지원,4109,4762,6650,680,739,86,75,132,14,7,9,16,40,2,2,-50,29
전남,진행,탄소,탄소,미지원,3874,5236,4445,748,556,56,449,271,8,7,8,35,-15,9,6,-13,14
전남,진행,일반,미지원,일반,6272,7783,4998,778,417,235,444,53,9,10,12,24,-36,6,1,11,20
전남,진행,탄소,탄소,미지원,2940,4222,4936,235,215,567,766,1006,34,18,23,44,17,18,20,-47,28
전남,진행,미지원,미지원,일반,7808,10752,13060,336,384,48,664,761,25,32,34,38,21,6,6,28,6
전남,진행,미지원,미지원,일반,774,1259,1481,79,93,-169,-292,-438,6,16,16,63,18,-23,-30,167,0
전남,진행,미지원,일반,일반,1747,2014,2333,183,194,63,141,9,11,11,12,15,16,7,0,0,9
전남,중도포기,미지원,미지원,미지원,6645,5335,5017,178,139,838,-238,-665,27,30,36,-20,-6,-4,-13,11,20
전남,진행,일반,일반,일반,488,1029,1308,171,187,51,70,96,5,6,7,111,27,7,7,20,17
전남,진행,미지원,일반,일반,1634,1950,2179,115,198,442,45,46,20,17,11,19,12,2,2,-15,-35
전남,진행,미지원,미지원,미지원,1224,311,173,31,43,-681,-1102,-453,18,10,4,-75,-44,-354,-262,-44,-60
전남,진행,미지원,미지원,일반,3259,2371,2252,339,322,227,197,225,18,7,7,-27,-5,8,10,-61,0
전남,중도포기,미지원,미지원,미지원,1273,1406,757,156,126,51,80,123,9,9,6,11,-46,6,16,0,-33
대전,진행,탄소,탄소,미지원,6614,7887,9470,213,231,-155,117,177,35,37,41,19,20,1,2,6,11
대전,진행,미지원,미지원,일반,5764,8038,7350,212,167,433,845,904,39,38,44,39,-9,11,12,-3,16
대전,진행,미지원,일반,미지원,1441,2764,969,395,121,145,475,-257,6,7,8,92,-65,17,-27,17,14
대전,진행,탄소,탄소,미지원,8320,9555,11839,162,179,739,707,887,58,59,66,15,24,7,7,2,12
세종,진행,탄소,탄소,미지원,7317,8679,9923,1736,431,220,410,215,7,5,23,19,14,5,2,-29,360
대전,진행,미지원,미지원,일반,985,1500,537,79,34,24,62,-117,16,19,16,52,-64,4,-22,19,-16
대전,진행,미지원,일반,미지원,83,387,304,129,101,-44,150,122,3,3,3,367,-21,39,40,0,0
대전,진행,미지원,미지원,일반,2010,3075,3146,81,75,76,190,265,17,38,42,53,2,6,8,124,11
대전,진행,미지원,일반,일반,4868,4619,6066,122,121,-750,-1405,-1067,36,38,50,-5,31,-30,-18,6,32
대전,진행,일반,일반,미지원,463,568,712,71,89,-352,-310,-382,7,8,8,23,25,-55,-54,14,0
대전,진행,미지원,일반,미지원,260,775,1048,52,70,-428,37,147,14,15,15,198,35,5,14,7,0
대전,진행,일반,일반,미지원,221,187,257,62,86,56,16,52,4,3,3,-16,38,9,20,-25,0
대전,진행,미지원,일반,미지원,3564,2601,1948,520,278,70,-136,52,13,5,7,-27,-25,-5,3,-62,40
대전,진행,일반,미지원,미지원,65,103,248,13,25,-75,-136,66,4,8,10,58,142,-133,27,100,25
대전,진행,미지원,일반,미지원,4481,1144,1387,114,154,-985,-1765,-1291,9,10,9,-74,21,-154,-93,11,-10
대전,진행,미지원,일반,미지원,2254,2622,4812,202,267,19,2,8,21,13,18,16,84,0,0,-38,38
대전,진행,미지원,미지원,일반,10314,10198,12205,173,230,1687,949,1732,114,59,53,-1,20,9,14,-48,-10
대전,진행,미지원,일반,미지원,1136,4821,4332,219,173,-1073,538,153,16,22,25,324,-10,11,4,38,14
대전,진행,미지원,일반,미지원,1290,1048,1003,95,84,7,-49,-22,12,11,12,-19,-4,-5,-2,-8,9
대전,진행,일반,일반,미지원,116,421,812,47,102,-100,-244,-204,6,9,8,263,93,-58,-25,50,-11
대전,진행,미지원,일반,일반,3135,2192,1069,313,153,1173,643,-39,8,7,7,-30,-51,29,-4,-13,0
대전,진행,미지원,일반,미지원,1443,1492,1131,213,141,112,142,165,8,7,8,3,-24,10,15,-13,14
대전,진행,미지원,일반,미지원,4039,5927,4950,237,183,570,857,2,27,25,27,47,-16,14,0,-7,8
대전,진행,미지원,일반,미지원,348,611,1009,122,336,-81,-262,93,4,5,3,75,65,-43,9,25,-40
대전,중도포기,미지원,미지원,미지원,7112,8971,8301,472,488,270,391,204,34,19,17,26,-7,4,2,-44,-11
대전,진행,미지원,미지원,미지원,1181,1221,1223,136,136,34,37,43,12,9,9,3,0,3,4,-25,0
대전,진행,일반,미지원,미지원,95,142,230,36,77,-176,-118,23,10,4,3,50,62,-83,10,-60,-25
대전,진행,미지원,일반,미지원,346,322,485,20,35,3,5,27,8,16,14,-7,51,2,6,100,-13
전남,진행,일반,미지원,미지원,1674,1815,2592,202,288,91,113,268,7,9,9,8,43,6,10,29,0
전남,진행,탄소,탄소,미지원,2561,4626,2718,514,302,198,188,96,5,9,9,81,-41,4,4,80,0
전남,중도포기,미지원,미지원,미지원,1265,1489,1617,165,147,56,94,65,10,9,11,18,9,6,4,-10,22
전남,진행,일반,일반,미지원,2543,2768,3166,395,452,167,187,271,7,7,7,9,14,7,9,0,0
전남,진행,미지원,일반,일반,1333,1740,1660,158,138,-313,407,-175,12,11,12,31,-5,23,-11,-8,9
전남,진행,탄소,탄소,미지원,4591,5165,5450,738,779,75,289,633,7,7,7,13,6,6,12,0,0
전남,중도포기,미지원,미지원,미지원,1974,2855,3540,150,177,247,32,156,11,19,20,45,24,1,4,73,5
전남,진행,미지원,일반,일반,2413,2168,2675,145,178,285,69,530,10,15,15,-10,23,3,20,50,0
충북,진행,탄소,탄소,미지원,7829,8420,5916,468,329,90,194,-312,19,18,18,8,-30,2,-5,-5,0
충북,진행,미지원,미지원,일반,4921,3710,2154,412,308,644,991,633,9,9,7,-25,-42,27,29,0,-22
충북,진행,일반,일반,미지원,5110,12838,4828,755,302,191,726,208,18,17,16,151,-62,6,4,-6,-6
충북,진행,일반,일반,일반,2413,4816,8411,142,324,-998,398,23,17,34,26,100,75,8,0,100,-24
충북,진행,미지원,미지원,일반,2731,4036,2340,86,54,-3310,-2001,-3856,38,47,43,48,-42,-50,-165,24,-9
충북,진행,미지원,일반,미지원,6745,9855,18013,299,600,-699,-330,127,32,33,30,46,83,-3,1,3,-9
충북,진행,미지원,일반,미지원,7976,10298,12816,572,513,1405,2320,1164,15,18,25,29,24,23,9,20,39
충북,진행,미지원,미지원,일반,3121,2958,1583,185,122,71,78,-387,18,16,13,-5,-46,3,-24,-11,-19
충북,진행,일반,일반,일반,1553,1845,2298,369,574,83,119,156,14,5,4,19,25,6,7,-64,-20
충북,진행,일반,미지원,미지원,41,928,296,186,74,-330,-707,-567,3,5,4,2174,-68,-76,-191,67,-20
충북,진행,미지원,일반,일반,2474,1728,1093,108,91,1148,324,36,12,16,12,-30,-37,19,3,33,-25
충북,진행,탄소,탄소,미지원,4743,5340,1351,334,113,393,266,97,19,16,12,13,-75,5,7,-16,-25
충북,진행,미지원,미지원,일반,5276,4893,4786,306,319,179,119,116,14,16,15,-7,-2,2,2,14,-6
충북,진행,미지원,일반,미지원,5004,4614,4209,85,84,483,767,293,21,54,50,-8,-9,17,7,157,-7
충북,진행,미지원,미지원,일반,9980,30741,22482,809,416,798,1867,3893,38,38,54,208,-27,6,17,0,42
충북,진행,탄소,탄소,미지원,10973,11517,14539,329,404,575,579,1098,31,35,36,5,26,5,8,13,3
충북,진행,탄소,탄소,미지원,8907,11193,13889,273,375,-89,-153,-728,38,41,37,26,24,-1,-5,8,-10
충북,진행,미지원,일반,미지원,179,214,326,31,41,-2,16,21,5,7,8,19,53,8,6,40,14
충북,진행,일반,미지원,미지원,1805,3163,3924,316,392,222,338,714,9,10,10,75,24,11,18,11,0
충북,진행,탄소,탄소,미지원,3144,9154,3101,915,282,-4,867,-157,9,10,11,191,-66,9,-5,11,10
충북,진행,미지원,미지원,미지원,1001,1210,954,303,238,80,169,221,3,4,4,21,-21,14,23,33,0
충북,진행,탄소,탄소,미지원,568,1832,771,204,96,38,42,28,5,9,8,223,-58,2,4,80,-11
충북,진행,미지원,미지원,미지원,3600,5266,4254,229,203,57,271,103,18,23,21,46,-19,5,2,28,-9
충북,진행,미지원,일반,일반,3587,4621,6144,171,192,222,437,826,42,27,32,29,33,9,13,-36,19
충북,진행,탄소,탄소,미지원,3881,2597,2164,325,361,228,96,-70,11,8,6,-33,-17,4,-3,-27,-25
충북,진행,미지원,일반,일반,1570,1447,4842,41,90,-962,-1435,-1002,30,35,54,-8,235,-99,-21,17,54
충북,진행,탄소,탄소,미지원,8902,10095,9818,439,378,60,249,853,24,23,26,13,-3,2,9,-4,13
부산,진행,미지원,미지원,일반,2635,7185,9554,399,367,66,364,591,10,18,26,173,33,5,6,80,44
부산,진행,미지원,미지원,일반,8082,5723,5797,110,126,1545,-805,321,27,52,46,-29,1,-14,6,93,-12
부산,진행,미지원,미지원,일반,3115,3644,3701,521,370,325,496,592,9,7,10,17,2,14,16,-22,43
부산,진행,일반,미지원,미지원,2220,1876,1660,72,75,10,9,-312,34,26,22,-15,-12,0,-19,-24,-15
부산,진행,미지원,일반,일반,3428,3955,6965,68,89,325,-680,-22,24,58,78,15,76,-17,0,142,34
부산,진행,미지원,미지원,일반,10061,8842,7914,192,184,149,-523,169,50,46,43,-12,-10,-6,2,-8,-7
부산,진행,일반,미지원,미지원,22150,29284,36384,412,527,356,1309,810,72,71,69,32,24,4,2,-1,-3
부산,진행,미지원,일반,미지원,2899,3844,2033,120,64,380,388,-188,21,32,32,33,-47,10,-9,52,0
부산,진행,미지원,일반,미지원,1594,995,773,124,193,-1,18,31,7,8,4,-38,-22,2,4,14,-50
부산,진행,미지원,일반,일반,4481,3658,3969,281,284,1416,1084,149,15,13,14,-18,9,30,4,-13,8
부산,진행,탄소,탄소,미지원,9694,11093,14113,258,328,-932,-143,990,45,43,43,14,27,-1,7,-4,0
부산,진행,탄소,탄소,미지원,10393,11671,10595,584,505,351,295,414,21,20,21,12,-9,3,4,-5,5
부산,진행,일반,일반,일반,8380,6202,4394,239,169,428,198,-179,24,26,26,-26,-29,3,-4,8,0
부산,진행,미지원,미지원,일반,430,419,705,140,176,8,30,28,3,3,4,-3,68,7,4,0,33
부산,진행,미지원,일반,일반,8160,8171,8121,240,232,1470,1374,1371,30,34,35,0,-1,17,17,13,3
부산,진행,미지원,미지원,일반,3340,6335,9556,396,434,-206,130,913,14,16,22,90,51,2,10,14,38
부산,진행,탄소,탄소,미지원,5958,6853,6221,527,622,338,448,329,10,13,10,15,-9,7,5,30,-23
부산,진행,탄소,탄소,미지원,9004,10049,11516,529,523,109,-274,244,20,19,22,12,15,-3,2,-5,16
부산,진행,미지원,일반,미지원,4124,7582,6067,292,243,-768,947,-533,25,26,25,84,-20,12,-9,4,-4
부산,진행,일반,일반,미지원,253,677,511,135,85,-45,-19,6,4,5,6,168,-25,-3,1,25,20
부산,진행,일반,일반,미지원,4641,7647,13431,225,353,256,348,396,11,34,38,65,76,5,3,209,12
부산,진행,탄소,탄소,미지원,3712,4201,3072,221,171,-97,348,-229,23,19,18,13,-27,8,-7,-17,-5
부산,진행,탄소,탄소,미지원,4806,5186,5657,192,189,36,-181,27,26,27,30,8,9,-3,0,4,11
부산,진행,일반,미지원,미지원,184,665,229,166,76,-254,-234,-242,4,4,3,260,-66,-35,-106,0,-25
부산,진행,미지원,일반,미지원,4650,4109,5693,152,203,412,279,419,28,27,28,-12,39,7,7,-4,4
부산,진행,미지원,미지원,일반,1271,1216,1504,122,167,69,11,1,9,10,9,-4,24,1,0,11,-10
부산,진행,일반,일반,일반,1274,1529,2093,40,58,-31,19,53,21,38,36,20,37,1,3,81,-5
부산,진행,일반,일반,일반,1552,1861,1340,116,103,47,71,28,16,16,13,20,-28,4,2,0,-19
부산,진행,미지원,일반,미지원,7682,9549,8414,562,443,576,938,244,14,17,19,24,-12,10,3,21,12
부산,진행,탄소,탄소,미지원,5937,6510,6699,123,126,190,195,135,50,53,53,10,3,3,2,6,0
부산,진행,일반,일반,일반,7745,8690,9050,362,362,78,180,-833,24,24,25,12,4,2,-9,0,4
부산,진행,일반,일반,미지원,7969,3387,2526,242,180,826,95,275,39,14,14,-58,-25,3,11,-64,0
부산,진행,미지원,일반,미지원,4758,4825,4365,230,218,607,563,496,20,21,20,1,-10,12,11,5,-5
부산,진행,일반,일반,미지원,4011,4112,3955,316,247,147,246,267,14,13,16,3,-4,6,7,-7,23
부산,진행,미지원,일반,일반,600,1334,702,95,50,-290,36,61,9,14,14,122,-47,3,9,56,0
부산,진행,미지원,일반,미지원,949,771,326,96,109,-103,-37,-119,8,8,3,-19,-58,-5,-37,0,-63
부산,진행,탄소,탄소,미지원,7537,7149,6482,477,463,346,423,-1766,19,15,14,-5,-9,6,-27,-21,-7
부산,진행,미지원,일반,미지원,9143,11351,13115,264,268,478,336,676,37,43,49,24,16,3,5,16,14
부산,진행,미지원,일반,일반,3300,4620,6387,100,114,176,226,714,26,46,56,40,38,5,11,77,22
부산,진행,일반,미지원,일반,4071,3127,4524,347,754,127,27,125,6,9,6,-23,45,1,3,50,-33
부산,중도포기,미지원,미지원,미지원,5132,5454,3431,248,245,-3,-362,-811,50,22,14,6,-37,-7,-24,-56,-36
부산,진행,미지원,일반,미지원,2630,1874,1947,99,108,31,65,50,36,19,18,-29,4,3,3,-47,-5
전남,진행,탄소,탄소,미지원,9419,14662,8740,1222,624,1117,3700,1152,14,12,14,56,-40,25,13,-14,17
광주,진행,일반,일반,일반,4373,3721,3826,93,72,175,265,56,39,40,53,-15,3,7,1,3,33
광주,진행,일반,미지원,미지원,8689,9278,8879,251,247,1199,711,441,35,37,36,7,-4,8,5,6,-3
광주,진행,미지원,일반,미지원,1232,954,1030,106,172,-96,-460,-384,8,9,6,-23,8,-48,-37,13,-33
광주,진행,미지원,일반,일반,874,401,516,36,47,405,-818,-576,8,11,11,-54,29,-204,-111,38,0
광주,진행,미지원,일반,일반,408,424,478,106,120,20,21,32,3,4,4,4,13,5,7,33,0
전남,진행,일반,미지원,일반,5618,5419,5675,77,92,90,168,295,37,70,62,-4,5,3,5,89,-11
광주,진행,미지원,일반,일반,1491,2030,2148,113,134,51,91,150,9,18,16,36,6,4,7,100,-11
전남,진행,탄소,탄소,미지원,6185,7403,9575,239,282,365,445,1192,25,31,34,20,29,6,12,24,10
광주,진행,탄소,탄소,미지원,5143,4813,4911,688,614,9,-181,22,9,7,8,-6,2,-4,0,-22,14
광주,진행,미지원,일반,미지원,614,474,234,79,47,5,-123,-138,3,6,5,-23,-51,-26,-59,100,-17
광주,진행,일반,일반,일반,325,346,252,115,84,2,2,12,4,3,3,7,-27,1,5,-25,0
전남,진행,미지원,일반,일반,4837,5419,6001,135,120,507,625,789,36,40,50,12,11,12,13,11,25
광주,진행,탄소,탄소,미지원,6269,5808,5765,277,320,232,-872,361,26,21,18,-7,-1,-15,6,-19,-14
광주,진행,일반,미지원,미지원,396,615,717,77,80,-209,-146,105,7,8,9,55,17,-24,15,14,13
광주,진행,미지원,미지원,일반,5861,10941,8994,608,473,1260,3916,2942,32,18,19,87,-18,36,33,-44,6
광주,진행,미지원,미지원,일반,9723,11224,11369,274,284,267,350,699,45,41,40,15,1,3,6,-9,-2
광주,진행,탄소,탄소,미지원,8546,11472,8711,328,272,-702,663,185,33,35,32,34,-24,6,2,6,-9
광주,진행,미지원,미지원,일반,9430,10709,14764,289,343,1234,799,-1802,25,37,43,14,38,7,-12,48,16
광주,중도포기,미지원,미지원,미지원,3074,3603,4627,129,160,335,471,385,27,28,29,17,28,13,8,4,4
광주,진행,미지원,일반,미지원,5750,6426,6008,230,300,74,398,560,17,28,20,12,-7,6,9,65,-29
세종,중도포기,미지원,미지원,미지원,3404,4405,4308,489,359,789,1254,1377,10,9,12,29,-2,28,32,-10,33
세종,진행,미지원,일반,일반,12692,15495,16289,225,204,766,1040,1583,60,69,80,22,5,7,10,15,16
세종,진행,미지원,일반,미지원,1069,1412,4647,141,232,29,247,329,14,10,20,32,229,18,7,-29,100
세종,진행,미지원,일반,미지원,2471,2408,2018,172,135,222,265,419,16,14,15,-3,-16,11,21,-13,7
세종,진행,미지원,일반,미지원,257,369,378,46,42,18,28,-81,7,8,9,44,2,8,-21,14,13
세종,진행,탄소,탄소,미지원,7053,7344,6387,350,304,438,146,296,23,21,21,4,-13,2,5,-9,0
세종,중도포기,미지원,미지원,미지원,2213,2419,2530,186,253,139,113,200,28,13,10,9,5,5,8,-54,-23
세종,진행,미지원,미지원,일반,1925,1852,1815,154,202,151,165,188,14,12,9,-4,-2,9,10,-14,-25
세종,진행,미지원,일반,미지원,29,154,313,38,63,-259,-139,8,5,4,5,434,103,-90,3,-20,25
세종,진행,미지원,미지원,일반,139,756,946,76,118,-68,38,30,4,10,8,445,25,5,3,150,-20
대구,진행,탄소,탄소,미지원,8098,8000,8020,216,223,-8,-959,-1553,34,37,36,-1,0,-12,-19,9,-3
대구,진행,미지원,미지원,일반,1462,1500,1278,167,213,171,200,-771,9,9,6,3,-15,13,-60,0,-33
대구,진행,탄소,탄소,미지원,6612,8272,6377,1182,1594,-116,632,579,11,7,4,25,-23,8,9,-36,-43
대구,진행,일반,미지원,일반,1878,1551,2777,91,174,-83,-192,354,10,17,16,-17,79,-12,13,70,-6
대구,진행,탄소,탄소,미지원,951,1030,1230,61,68,-40,-166,-26,12,17,18,8,19,-16,-2,42,6
대구,진행,미지원,일반,미지원,4612,3993,4242,64,59,1121,167,330,40,62,72,-13,6,4,8,55,16
대구,진행,탄소,탄소,미지원,1190,1189,1446,198,289,36,45,93,6,6,5,0,22,4,6,0,-17
대구,진행,일반,미지원,미지원,542,700,1042,117,130,37,61,120,7,6,8,29,49,9,12,-14,33
대구,진행,탄소,탄소,미지원,6071,8297,8065,346,367,9,598,327,27,24,22,37,-3,7,4,-11,-8
대구,진행,탄소,탄소,미지원,10357,9840,10763,224,256,360,330,358,41,44,42,-5,9,3,3,7,-5
대구,진행,미지원,일반,일반,738,1148,1151,82,72,36,231,24,5,14,16,56,0,20,2,180,14
대구,진행,미지원,미지원,일반,8296,8185,7124,327,285,133,453,225,25,25,25,-1,-13,6,3,0,0
경북,진행,일반,미지원,일반,275,507,899,63,112,-85,78,91,7,8,8,85,77,15,10,14,0
대구,진행,탄소,탄소,미지원,13172,15022,16718,485,643,336,392,10,35,31,26,14,11,3,0,-11,-16
대구,진행,일반,일반,미지원,2733,4568,5227,415,348,200,375,547,16,11,15,67,14,8,10,-31,36
대구,진행,일반,일반,미지원,7636,2307,6139,61,153,1191,-1786,454,30,38,40,-70,166,-77,7,27,5
대구,진행,탄소,탄소,미지원,5243,7257,6457,1037,807,338,473,424,7,7,8,38,-11,7,7,0,14
대구,진행,일반,일반,일반,5246,5478,5239,342,349,508,475,422,20,16,15,4,-4,9,8,-20,-6
대구,진행,미지원,미지원,미지원,2476,2833,2905,218,224,140,113,103,10,13,13,14,3,4,4,30,0
대구,진행,미지원,일반,미지원,8873,2665,10962,167,783,850,-1004,-256,6,16,14,-70,311,-38,-2,167,-13
대구,진행,미지원,미지원,일반,1014,904,457,129,152,-84,-266,-442,14,7,3,-11,-49,-29,-97,-50,-57
대구,진행,일반,일반,미지원,7416,8725,8938,203,223,-183,114,78,40,43,40,18,2,1,1,8,-7
대구,진행,일반,일반,일반,3262,2830,2202,314,275,14,13,21,9,9,8,-13,-22,0,1,0,-11
대구,진행,미지원,미지원,일반,1274,2552,3601,232,327,32,217,328,10,11,11,100,41,9,9,10,0
대구,진행,미지원,미지원,일반,10564,11954,18419,342,485,333,285,1693,39,35,38,13,54,2,9,-10,9
대구,진행,탄소,탄소,미지원,6512,8335,10518,379,457,171,409,698,22,22,23,28,26,5,7,0,5
대구,진행,미지원,일반,일반,11793,18336,15866,407,369,103,221,472,41,45,43,55,-13,1,3,10,-4
대구,진행,미지원,일반,일반,7254,8142,10154,67,76,-1273,-75,1294,67,122,134,12,25,-1,13,82,10
경북,진행,탄소,탄소,미지원,2474,3213,5168,643,738,384,218,399,4,5,7,30,61,7,8,25,40
경북,진행,미지원,일반,일반,2654,2246,4198,321,600,71,-508,91,16,7,7,-15,87,-23,2,-56,0
경북,진행,탄소,탄소,미지원,10361,13058,14521,687,854,345,502,490,18,19,17,26,11,4,3,6,-11
경북,진행,탄소,탄소,미지원,13054,15789,16095,585,575,186,354,63,26,27,28,21,2,2,0,4,4
경북,진행,미지원,일반,일반,2679,1676,2346,239,335,77,172,336,6,7,7,-37,40,10,14,17,0
경북,진행,탄소,탄소,미지원,6414,5659,6761,435,520,148,189,679,14,13,13,-12,19,3,10,-7,0
경북,진행,탄소,탄소,미지원,7587,9499,9775,413,391,73,128,17,21,23,25,25,3,1,0,10,9
경북,진행,미지원,일반,미지원,842,399,3604,133,277,38,21,228,3,3,13,-53,804,5,6,0,333
경북,진행,일반,미지원,미지원,1160,1137,4726,284,788,47,233,239,5,4,6,-2,316,21,5,-20,50
경북,중도포기,미지원,미지원,미지원,7413,7704,8210,453,586,504,498,416,32,17,14,4,7,6,5,-47,-18
경북,진행,미지원,일반,미지원,3954,3099,3105,238,239,25,104,133,13,13,13,-22,0,3,4,0,0
경북,진행,탄소,탄소,미지원,4815,6231,6868,1246,1145,78,372,599,5,5,6,29,10,6,9,0,20
경북,진행,미지원,일반,미지원,3849,4010,2930,134,113,49,39,14,12,30,26,4,-27,1,0,150,-13
경북,진행,미지원,일반,일반,8003,8245,8480,294,229,136,324,302,23,28,37,3,3,4,4,22,32
경북,진행,미지원,미지원,일반,1924,2952,1941,185,149,203,208,51,22,16,13,53,-34,7,3,-27,-19
경북,진행,탄소,탄소,미지원,5150,5502,5838,324,324,517,778,702,19,17,18,7,6,14,12,-11,6
경북,진행,탄소,탄소,미지원,2802,3542,3406,186,179,158,206,4,17,19,19,26,-4,6,0,12,0
경북,진행,일반,미지원,미지원,1564,1529,1566,218,224,85,65,72,6,7,7,-2,2,4,5,17,0
경북,진행,일반,일반,일반,1375,1292,3159,86,197,112,85,228,28,15,16,-6,144,7,7,-46,7
경북,진행,탄소,탄소,미지원,4440,4683,4082,1171,1021,194,214,201,7,4,4,5,-13,5,5,-43,0
경북,진행,일반,미지원,일반,3576,4343,4164,395,347,198,203,291,14,11,12,21,-4,5,7,-21,9
경북,진행,미지원,일반,미지원,3180,3905,3684,206,205,242,290,343,22,19,18,23,-6,7,9,-14,-5
경북,진행,탄소,탄소,미지원,2222,2008,2759,669,920,171,38,197,3,3,3,-10,37,2,7,0,0
경북,진행,탄소,탄소,미지원,5220,7197,4481,514,345,28,432,174,15,14,13,38,-38,6,4,-7,-7
경북,진행,미지원,미지원,일반,611,1070,1425,153,238,-53,64,44,18,7,6,75,33,6,3,-61,-14
경북,진행,미지원,일반,미지원,8982,8615,7996,166,170,327,184,328,52,52,47,-4,-7,2,4,0,-10
경북,진행,미지원,일반,미지원,1727,1508,1892,251,237,23,71,127,4,6,8,-13,25,5,7,50,33
경북,진행,미지원,일반,미지원,1180,2008,3760,669,470,-99,63,555,5,3,8,70,87,3,15,-40,167
경북,진행,일반,일반,미지원,3830,4097,3660,186,174,-77,90,-395,21,22,21,7,-11,2,-11,5,-5
경북,진행,미지원,일반,일반,2244,1791,2362,199,236,331,242,321,10,9,10,-20,32,14,14,-10,11
경북,진행,미지원,미지원,일반,3311,1694,1608,53,57,42,177,158,15,32,28,-49,-5,10,10,113,-13
경북,진행,탄소,탄소,미지원,4295,4230,3365,705,481,207,198,239,7,6,7,-2,-20,5,7,-14,17
경북,진행,미지원,일반,미지원,4236,4822,8814,603,1102,292,250,1140,6,8,8,14,83,5,13,33,0
경북,진행,미지원,일반,일반,2228,2636,2972,139,175,193,235,98,19,19,17,18,13,9,3,0,-11
경북,진행,일반,일반,미지원,10060,11034,10001,649,588,874,1229,1488,36,17,17,10,-9,11,15,-53,0
경북,진행,일반,미지원,일반,1939,3541,3643,236,243,195,285,303,11,15,15,83,3,8,8,36,0
경북,중도포기,미지원,미지원,미지원,1328,1603,2087,107,522,46,-13,-281,26,15,4,21,30,-1,-13,-42,-73
경북,진행,미지원,일반,미지원,3851,4344,5909,362,492,185,213,13,7,12,12,13,36,5,0,71,0
경북,진행,탄소,탄소,미지원,6988,10337,11097,369,396,125,2014,891,24,28,28,48,7,19,8,17,0
경북,진행,미지원,미지원,일반,5409,5875,4942,326,275,236,302,235,22,18,18,9,-16,5,5,-18,0
경북,진행,일반,일반,일반,3589,7216,9349,656,584,254,386,462,12,11,16,101,30,5,5,-8,45
경북,진행,미지원,미지원,일반,2153,3969,4895,305,258,208,326,513,11,13,19,84,23,8,10,18,46
경북,진행,일반,미지원,미지원,814,1108,1156,185,289,30,92,115,5,6,4,36,4,8,10,20,-33
경북,진행,일반,일반,일반,1001,606,1143,121,229,25,-149,-99,5,5,5,-39,89,-25,-9,0,0
경북,진행,미지원,일반,미지원,2476,2545,2312,318,330,179,196,205,6,8,7,3,-9,8,9,33,-13
경북,진행,미지원,일반,일반,2714,3423,3618,571,452,65,165,205,6,6,8,26,6,5,6,0,33
경북,중도포기,미지원,미지원,미지원,1677,720,379,80,42,219,-25,-585,8,9,9,-57,-47,-3,-154,13,0
경북,진행,탄소,탄소,미지원,3401,3008,3737,752,747,384,317,651,5,4,5,-12,24,11,17,-20,25
경북,진행,미지원,미지원,일반,4222,4395,4862,338,286,239,313,586,15,13,17,4,11,7,12,-13,31
경북,진행,미지원,일반,일반,2813,3426,5037,171,280,167,269,493,16,20,18,22,47,8,10,25,-10
제주,진행,탄소,탄소,미지원,11258,9211,10777,354,431,1364,1091,430,22,26,25,-18,17,12,4,18,-4
제주,진행,일반,일반,미지원,6523,10173,10070,391,403,112,137,219,33,26,25,56,-1,1,2,-21,-4
전북,진행,탄소,탄소,미지원,6259,4951,4736,198,182,91,257,-189,26,25,26,-21,-4,5,-4,-4,4
전북,진행,미지원,일반,일반,767,845,792,211,264,37,-120,-183,4,4,3,10,-6,-14,-23,0,-25
전북,진행,미지원,일반,미지원,25,153,233,22,21,-62,-63,-371,7,7,11,513,53,-41,-159,0,57
전북,진행,탄소,탄소,미지원,3902,3860,4846,168,194,452,269,436,20,23,25,-1,26,7,9,15,9
전북,진행,미지원,미지원,일반,3325,4564,5273,913,659,174,218,262,4,5,8,37,16,5,5,25,60
전북,진행,탄소,탄소,미지원,9066,8794,12559,676,897,655,1129,1255,12,13,14,-3,43,13,10,8,8
전북,진행,미지원,일반,일반,913,922,1089,154,136,111,144,170,6,6,8,1,18,16,16,0,33
전북,진행,탄소,탄소,미지원,4202,3666,4587,733,1147,-348,249,287,4,5,4,-13,25,7,6,25,-20
전북,진행,탄소,탄소,미지원,3601,4518,6229,238,346,325,377,555,21,19,18,25,38,8,9,-10,-5
전북,진행,미지원,미지원,일반,1309,1131,1019,87,113,162,133,181,11,13,9,-14,-10,12,18,18,-31
전북,진행,미지원,일반,미지원,558,1189,1153,149,96,75,54,50,12,8,12,113,-3,5,4,-33,50
전북,진행,일반,미지원,일반,2176,2929,4510,488,752,52,129,541,6,6,6,35,54,4,12,0,0
전북,진행,일반,일반,미지원,1033,1271,2271,254,324,80,131,222,4,5,7,23,79,10,10,25,40
전북,진행,미지원,일반,미지원,2124,4003,4158,211,189,51,95,41,16,19,22,88,4,2,1,19,16
전북,진행,탄소,탄소,미지원,8693,6434,5232,214,149,595,-2254,-591,34,30,35,-26,-19,-35,-11,-12,17
전북,진행,미지원,일반,일반,10198,12253,16501,943,1100,1159,2116,2118,21,13,15,20,35,17,13,-38,15
전북,진행,탄소,탄소,미지원,7081,8666,9048,299,283,609,548,615,23,29,32,22,4,6,7,26,10
전북,진행,미지원,미지원,일반,8578,11815,14087,288,344,424,611,685,49,41,41,38,19,5,5,-16,0
전북,진행,미지원,미지원,일반,204,156,196,52,49,-180,-62,-125,8,3,4,-24,26,-40,-64,-63,33
전북,진행,미지원,미지원,일반,8908,10402,8003,520,445,429,731,594,24,20,18,17,-23,7,7,-17,-10
전북,진행,일반,미지원,미지원,1421,2908,3399,323,283,-222,171,58,8,9,12,105,17,6,2,13,33
전북,진행,미지원,미지원,일반,711,304,192,76,48,-32,-227,-169,6,4,4,-57,-37,-75,-88,-33,0
전북,진행,일반,일반,미지원,575,629,630,105,126,124,-30,-30,6,6,5,9,0,-5,-5,0,-17
전북,진행,미지원,일반,미지원,5836,4722,6502,278,310,426,130,673,21,17,21,-19,38,3,10,-19,24
전북,진행,탄소,탄소,미지원,4973,5547,5465,146,137,236,358,461,42,38,40,12,-1,6,8,-10,5
전북,진행,일반,미지원,미지원,3626,5195,7705,346,771,-154,737,882,10,15,10,43,48,14,11,50,-33
전북,진행,미지원,일반,일반,171,229,415,57,104,14,13,21,4,4,4,34,81,6,5,0,0
전북,진행,일반,미지원,미지원,3683,3548,3764,197,157,209,131,148,18,18,24,-4,6,4,4,0,33
전북,진행,미지원,미지원,일반,480,439,456,88,114,35,27,37,4,5,4,-8,4,6,8,25,-20
전북,진행,미지원,미지원,일반,1715,2114,3658,163,244,42,166,219,12,13,15,23,73,8,6,8,15
전북,진행,미지원,일반,미지원,8599,6378,6699,213,239,-1085,-817,325,33,30,28,-26,5,-13,5,-9,-7
전북,진행,일반,미지원,미지원,941,1040,764,87,48,-223,28,-274,7,12,16,11,-27,3,-36,71,33
서울,진행,미지원,일반,일반,8734,6048,7740,302,430,415,114,210,18,20,18,-31,28,2,3,11,-10
서울,진행,탄소,탄소,미지원,5208,5052,6571,230,329,64,131,281,19,22,20,-3,30,3,4,16,-9
서울,진행,미지원,일반,일반,1966,1020,1124,17,20,-5678,-8291,-8672,60,61,56,-48,10,-813,-772,2,-8
서울,진행,일반,미지원,미지원,4693,8898,8522,217,203,460,907,470,22,41,42,90,-4,10,6,86,2
서울,진행,미지원,미지원,일반,1417,1563,2197,174,275,57,-43,80,9,9,8,10,41,-3,4,0,-11
서울,진행,미지원,일반,미지원,10782,9422,6835,165,263,294,-681,422,42,57,26,-13,-27,-7,6,36,-54
서울,진행,탄소,탄소,미지원,6666,8961,8186,142,136,240,340,362,56,63,60,34,-9,4,4,13,-5
서울,진행,일반,일반,일반,7313,7709,5797,428,290,132,149,160,20,18,20,5,-25,2,3,-10,11
서울,진행,일반,미지원,미지원,4567,9740,12935,541,539,345,819,632,22,18,24,113,33,8,5,-18,33
서울,진행,미지원,미지원,일반,2852,2696,2311,159,231,194,-57,77,40,17,10,-5,-14,-2,3,-58,-41
서울,진행,미지원,미지원,일반,6380,7151,9920,223,292,1964,2766,3875,34,32,34,12,39,39,39,-6,6
서울,진행,미지원,미지원,일반,9536,9876,9874,282,267,835,839,1085,39,35,37,4,0,8,11,-10,6
서울,진행,미지원,일반,미지원,3216,4146,4518,276,266,37,203,242,17,15,17,29,9,5,5,-12,13
서울,진행,미지원,일반,미지원,6081,7227,7096,301,338,992,964,449,24,24,21,19,-2,13,6,0,-13
서울,진행,미지원,일반,미지원,3851,2409,1442,301,206,236,281,238,26,8,7,-37,-40,12,17,-69,-13
서울,진행,미지원,미지원,일반,126,523,1191,65,170,9,62,124,3,8,7,313,128,12,10,167,-13
서울,진행,미지원,미지원,미지원,1405,3872,10345,77,195,-2509,-4649,-1429,34,50,53,176,167,-120,-14,47,6
서울,진행,미지원,일반,미지원,8383,10304,8465,412,302,551,449,261,50,25,28,23,-18,4,3,-50,12
서울,진행,미지원,미지원,일반,3756,5096,7365,170,210,178,266,704,20,30,35,36,45,5,10,50,17
서울,진행,미지원,미지원,일반,2069,2304,1692,209,169,285,306,142,12,11,10,11,-27,13,8,-8,-9
경기,진행,미지원,일반,미지원,285,726,1091,181,273,-3,-132,5,4,4,4,155,50,-18,0,0,0
서울,진행,미지원,일반,일반,2964,2883,2996,111,100,134,-154,113,15,26,30,-3,4,-5,4,73,15
서울,진행,미지원,일반,일반,8970,7842,7979,871,1140,236,218,299,9,9,7,-13,2,3,4,0,-22
서울,진행,미지원,미지원,일반,9385,9139,10101,203,224,2399,1488,1226,44,45,45,-3,11,16,12,2,0
서울,진행,일반,일반,일반,3376,1802,4299,450,1075,242,251,420,4,4,4,-47,139,14,10,0,0
서울,진행,미지원,미지원,일반,8803,14676,19007,917,1188,423,856,2928,15,16,16,67,30,6,15,7,0
서울,진행,일반,일반,일반,11638,17800,16751,342,316,3637,6527,5560,78,52,53,53,-6,37,33,-33,2
서울,중도포기,미지원,미지원,미지원,2231,2817,2953,352,422,154,206,267,7,8,7,26,5,7,9,14,-13
서울,진행,미지원,일반,미지원,10486,8876,8170,234,209,271,500,698,46,38,39,-15,-8,6,9,-17,3
서울,진행,미지원,미지원,일반,7079,10226,8481,426,353,132,109,176,23,24,24,44,-17,1,2,4,0
서울,진행,미지원,일반,미지원,2070,2738,2715,211,209,-255,164,154,26,13,13,32,-1,6,6,-50,0
서울,중도포기,미지원,미지원,미지원,6299,6525,6452,544,496,949,1211,-154,7,12,13,4,-1,19,-2,71,8
서울,진행,미지원,미지원,일반,6741,6924,6874,533,625,655,-362,205,22,13,11,3,-1,-5,3,-41,-15
서울,진행,미지원,일반,미지원,433,1614,3384,269,423,0,109,242,10,6,8,273,110,7,7,-40,33
서울,진행,미지원,미지원,미지원,2150,2979,3315,298,552,69,122,322,12,10,6,39,11,4,10,-17,-40
서울,진행,일반,일반,미지원,4830,4607,4525,165,168,787,529,516,28,28,27,-5,-2,11,11,0,-4
서울,진행,미지원,미지원,일반,275,425,712,53,119,-1655,-1003,-818,11,8,6,54,68,-236,-115,-27,-25
서울,진행,미지원,일반,미지원,4005,3371,2788,306,310,251,62,-471,9,11,9,-16,-17,2,-17,22,-18
서울,진행,미지원,미지원,일반,4224,4594,5769,255,240,162,-975,-321,15,18,24,9,26,-21,-6,20,33
서울,진행,미지원,일반,미지원,527,666,1271,28,35,-643,-693,39,24,24,36,26,91,-104,3,0,50
서울,진행,미지원,미지원,일반,6223,6670,7934,513,467,-1863,-484,-781,17,13,17,7,19,-7,-10,-24,31
서울,진행,일반,미지원,일반,361,533,615,107,77,67,76,66,16,5,8,48,15,14,11,-69,60
서울,진행,미지원,미지원,일반,8113,9230,8567,839,571,757,81,-1152,15,11,15,14,-7,1,-13,-27,36
서울,진행,미지원,일반,미지원,2051,2202,1918,138,148,134,-421,125,40,16,13,7,-13,-19,7,-60,-19
서울,진행,일반,일반,일반,902,2488,3716,829,619,29,90,267,4,3,6,176,49,4,7,-25,100
서울,진행,미지원,일반,미지원,4970,4839,5184,323,324,999,578,1123,18,15,16,-3,7,12,22,-17,7
서울,진행,미지원,일반,미지원,3917,3873,6388,242,376,122,270,146,14,16,17,-1,65,7,2,14,6
서울,진행,미지원,미지원,일반,7754,21250,6388,1635,376,624,979,559,14,13,17,174,-70,5,9,-7,31
서울,진행,미지원,일반,일반,4482,5944,5879,594,534,218,524,454,12,10,11,33,-1,9,8,-17,10
서울,진행,미지원,일반,미지원,4907,4653,3077,665,440,254,266,88,5,7,7,-5,-34,6,3,40,0
서울,진행,미지원,미지원,일반,5280,3083,3149,771,1050,318,60,26,5,4,3,-42,2,2,1,-20,-25
서울,진행,일반,미지원,미지원,744,1893,1895,210,146,-250,-151,-316,13,9,13,154,0,-8,-17,-31,44
경남,진행,미지원,미지원,일반,2241,2107,2163,192,270,169,69,62,9,11,8,-6,3,3,3,22,-27
경남,진행,탄소,탄소,미지원,14726,19294,20148,585,611,-904,1558,1405,34,33,33,31,4,8,7,-3,0
경남,진행,탄소,탄소,미지원,3096,3289,2607,548,521,430,342,155,8,6,5,6,-21,10,6,-25,-17
경남,진행,일반,일반,미지원,820,563,705,47,50,-9,-515,87,7,12,14,-31,25,-91,12,71,17
경남,진행,일반,일반,일반,2167,4235,5694,184,259,163,297,628,19,23,22,95,34,7,11,21,-4
경남,진행,일반,일반,일반,9807,12435,15211,461,608,343,263,536,30,27,25,27,22,2,4,-10,-7
경남,진행,미지원,미지원,미지원,1402,2206,1984,221,198,185,431,257,8,10,10,57,-10,20,13,25,0
경남,진행,미지원,일반,미지원,2795,2788,2703,279,270,107,87,164,26,10,10,0,-3,3,6,-62,0
경남,진행,일반,일반,일반,439,936,863,104,108,71,142,99,3,9,8,113,-8,15,12,200,-11
경남,진행,탄소,탄소,미지원,6133,8535,6950,356,302,244,300,435,19,24,23,39,-19,4,6,26,-4
경남,진행,탄소,탄소,미지원,5809,6973,6104,205,218,269,304,-43,36,34,28,20,-12,4,-1,-6,-18
경남,진행,미지원,미지원,일반,4192,6002,5569,500,506,634,865,401,9,12,11,43,-7,14,7,33,-8
경남,진행,미지원,일반,미지원,1308,1031,447,258,112,47,179,-209,5,4,4,-21,-57,17,-47,-20,0
경남,진행,탄소,탄소,미지원,6424,7661,7536,851,471,345,349,113,10,9,16,19,-2,5,2,-10,78
경남,진행,미지원,일반,미지원,5621,5570,5443,139,181,582,687,365,16,40,30,-1,-2,12,7,150,-25
경남,진행,미지원,미지원,일반,457,711,677,142,226,74,61,66,3,5,3,56,-5,9,10,67,-40
경남,진행,탄소,탄소,미지원,14019,16353,13813,380,307,668,905,231,47,43,45,17,-16,6,2,-9,5
경남,진행,일반,일반,일반,12835,14998,16393,234,238,2335,2078,1744,58,64,69,17,9,14,11,10,8
경남,진행,탄소,탄소,미지원,13855,17147,18775,1072,1341,794,1192,830,12,16,14,24,9,7,4,33,-13
경남,진행,미지원,일반,일반,328,721,1053,40,29,-928,-1621,-3548,6,18,36,120,46,-225,-337,200,100
경남,진행,탄소,탄소,미지원,6739,8559,8235,1427,2059,516,988,614,5,6,4,27,-4,12,7,20,-33
경남,진행,미지원,미지원,일반,2064,2572,2784,61,58,121,-559,-765,34,42,48,25,8,-22,-27,24,14
경남,진행,미지원,일반,미지원,10023,9012,10723,109,129,2505,651,164,73,83,83,-10,19,7,2,14,0
경남,진행,탄소,탄소,미지원,10785,12044,15708,446,491,915,778,1046,27,27,32,12,30,6,7,0,19
경남,진행,탄소,탄소,미지원,6463,7603,6672,475,334,376,466,650,14,16,20,18,-12,6,10,14,25
경남,진행,일반,미지원,미지원,4593,6553,6876,67,63,138,-269,-378,33,98,110,43,5,-4,-6,197,12
경남,진행,탄소,탄소,미지원,2556,3446,3798,383,543,37,164,151,14,9,7,35,10,5,4,-36,-22
경남,진행,미지원,미지원,일반,1701,2155,1732,359,289,13,-28,-266,6,6,6,27,-20,-1,-15,0,0
경남,진행,미지원,일반,일반,3049,3109,2742,283,228,164,160,146,14,11,12,2,-12,5,5,-21,9
경남,진행,미지원,일반,일반,305,721,819,80,137,23,88,-5,5,9,6,136,14,12,-1,80,-33
경남,진행,일반,미지원,미지원,1832,2222,2092,222,190,80,159,133,13,10,11,21,-6,7,6,-23,10
경남,진행,미지원,미지원,일반,826,1167,629,292,157,-40,21,29,5,4,4,41,-46,2,5,-20,0
경남,진행,일반,일반,일반,493,540,602,90,120,-16,-59,-26,6,6,5,9,12,-11,-4,0,-17
경남,진행,일반,일반,일반,98,33,34,3,2,-593,-852,-1395,10,13,16,-67,4,-2601,-4107,30,23
경남,진행,일반,미지원,미지원,801,929,1276,84,106,48,48,70,17,11,12,16,37,5,5,-35,9
경남,진행,미지원,미지원,일반,141,244,338,61,48,-33,-22,-27,3,4,7,73,38,-9,-8,33,75
경남,진행,미지원,일반,일반,6356,7351,7997,525,800,464,385,413,14,14,10,16,9,5,5,0,-29
경남,진행,일반,일반,일반,418,1369,2134,98,107,-64,-344,-363,9,14,20,228,56,-25,-17,56,43
경남,진행,미지원,미지원,일반,459,496,570,165,190,89,97,112,4,3,3,8,15,20,20,-25,0
경남,진행,탄소,탄소,미지원,15593,18660,24972,311,403,1492,1573,2198,108,60,62,20,34,8,9,-44,3
경남,진행,일반,미지원,미지원,5905,7119,5013,230,193,360,273,-369,27,31,26,21,-30,4,-7,15,-16
경남,진행,일반,미지원,미지원,10565,10793,10248,257,256,414,432,392,36,42,40,2,-5,4,4,17,-5
경남,진행,미지원,미지원,일반,2816,3061,3147,170,157,-78,35,127,19,18,20,9,3,1,4,-5,11
경남,진행,미지원,일반,일반,167,117,514,23,86,-590,-247,-315,4,5,6,-30,341,-211,-61,25,20
경남,진행,미지원,미지원,일반,3361,3905,4078,206,240,378,451,620,16,19,17,16,4,12,15,19,-11
경남,진행,일반,일반,일반,1497,1840,2380,97,99,175,206,274,13,19,24,23,29,11,12,46,26
경남,진행,미지원,일반,일반,2050,2303,3155,72,88,169,222,286,30,32,36,12,37,10,9,7,13
경기,진행,탄소,탄소,미지원,7053,7128,4937,396,309,843,813,641,15,18,16,1,-31,11,13,20,-11
경기,진행,미지원,일반,일반,3259,5848,3732,450,267,191,553,125,10,13,14,79,-36,9,3,30,8
경기,진행,미지원,미지원,일반,5290,7192,5698,205,136,489,459,231,25,35,42,36,-21,6,4,40,20
경기,중도포기,미지원,미지원,미지원,2032,1611,1257,179,126,474,7,-170,7,9,10,-21,-22,0,-14,29,11
경기,진행,일반,미지원,미지원,82,74,23,3,1,-2766,-3438,-4329,54,29,33,-9,-69,-4641,-18664,-46,14
경기,진행,미지원,미지원,일반,351,666,693,166,231,-125,31,94,5,4,3,89,4,5,14,-20,-25
경기,진행,미지원,일반,미지원,8507,7696,8266,179,197,1658,383,253,43,43,42,-10,7,5,3,0,-2
경기,진행,탄소,탄소,미지원,3611,4161,6130,277,409,364,261,430,22,15,15,15,47,6,7,-32,0
경기,진행,미지원,미지원,일반,381,777,679,259,226,16,26,-32,3,3,3,104,-13,3,-5,0,0
경기,진행,일반,일반,일반,2934,4093,3713,682,619,380,330,361,5,6,6,40,-9,8,10,20,0
경기,진행,미지원,일반,미지원,4577,4924,8477,410,706,1048,795,1936,12,12,12,8,72,16,23,0,0
경기,진행,미지원,미지원,일반,3424,4005,2927,148,133,70,72,55,29,27,22,17,-27,2,2,-7,-19
경기,중도포기,미지원,미지원,미지원,2724,9314,10195,548,566,196,383,524,11,17,18,242,9,4,5,55,6
경기,진행,미지원,미지원,미지원,6037,8654,9044,577,603,-139,-87,823,14,15,15,43,5,-1,9,7,0
경기,진행,미지원,일반,일반,5786,6152,7206,212,180,1373,1422,1611,23,29,40,6,17,23,22,26,38
경기,진행,일반,일반,일반,3710,3558,3469,323,231,145,62,85,15,11,15,-4,-3,2,2,-27,36
경기,진행,미지원,미지원,일반,6031,6832,9364,175,246,110,437,454,35,39,38,13,37,6,5,11,-3
경기,진행,미지원,일반,미지원,2725,2949,3631,147,165,607,441,763,9,20,22,8,23,15,21,122,10
경기,진행,미지원,일반,미지원,1705,1266,1756,127,176,127,129,-9,6,10,10,-26,39,10,0,67,0
경기,진행,일반,미지원,미지원,3048,3888,4195,389,466,75,130,148,8,10,9,28,8,3,4,25,-10
경기,진행,미지원,미지원,미지원,5100,5116,2856,244,190,457,112,472,56,21,15,0,-44,2,17,-63,-29
경기,진행,미지원,미지원,일반,7140,7539,4300,397,205,79,36,-1658,16,19,21,6,-43,0,-39,19,11
경기,진행,일반,미지원,미지원,14361,14656,16820,444,382,976,1448,1337,40,33,44,2,15,10,8,-18,33
경기,진행,일반,일반,일반,247,306,412,22,22,-1047,-1990,-2226,8,14,19,24,35,-649,-540,75,36
경기,진행,탄소,탄소,미지원,4229,3149,2510,394,209,111,190,154,11,8,12,-26,-20,6,6,-27,50
경기,진행,일반,미지원,미지원,1915,1819,1720,202,287,209,-67,15,7,9,6,-5,-5,-4,1,29,-33
경기,진행,일반,일반,일반,36,53,131,7,13,-242,-398,-385,5,8,10,45,149,-756,-293,60,25
경기,진행,탄소,탄소,미지원,6195,7657,3363,425,160,405,986,-1497,23,18,21,24,-56,13,-45,-22,17
경기,진행,일반,일반,미지원,4055,3678,2896,409,483,157,74,93,9,9,6,-9,-21,2,3,0,-33
경기,진행,일반,미지원,미지원,11511,12845,13693,192,193,1380,701,1208,60,67,71,12,7,5,9,12,6
경기,진행,미지원,일반,일반,1651,2267,2362,283,337,27,38,49,7,8,7,37,4,2,2,14,-13
경기,진행,미지원,일반,일반,6437,5739,4915,273,246,10,112,-440,21,21,20,-11,-14,2,-9,0,-5
경기,진행,미지원,미지원,미지원,12186,14358,18416,282,271,1205,1289,3351,49,51,68,18,28,9,18,4,33
경기,진행,탄소,탄소,미지원,8020,7627,8216,238,293,187,-169,175,30,32,28,-5,8,-2,2,7,-13
경기,진행,탄소,탄소,미지원,7460,7902,8771,494,548,262,182,590,18,16,16,6,11,2,7,-11,0
경기,진행,미지원,일반,일반,4833,4908,2249,223,150,210,222,260,22,22,15,2,-54,5,12,0,-32
경기,진행,일반,일반,일반,61,154,250,51,83,-151,-127,-72,4,3,3,150,63,-82,-29,-25,0
경기,진행,탄소,탄소,미지원,9107,6887,7200,383,400,877,388,461,19,18,18,-24,5,6,6,-5,0
경기,진행,미지원,일반,일반,14533,21106,19400,603,524,3435,3488,2875,30,35,37,45,-8,17,15,17,6
경기,진행,미지원,미지원,일반,5847,9176,9914,262,283,253,453,269,33,35,35,57,8,5,3,6,0
경기,진행,미지원,일반,일반,2899,3327,3735,208,233,13,24,118,13,16,16,15,12,1,3,23,0
경기,진행,일반,일반,일반,637,676,336,113,56,22,29,-55,4,6,6,6,-50,4,-16,50,0
경기,진행,미지원,미지원,미지원,1569,1610,2370,322,395,205,194,323,4,5,6,3,47,12,14,25,20
경기,진행,탄소,탄소,미지원,13311,19812,17333,619,642,47,277,717,24,32,27,49,-13,1,4,33,-16
경기,진행,미지원,일반,미지원,1763,1838,1576,184,197,-36,8,-20,8,10,8,4,-14,0,-1,25,-20
경기,진행,일반,일반,일반,753,539,498,77,166,59,38,63,14,7,3,-28,-8,7,13,-50,-57
경기,중도포기,미지원,미지원,미지원,8270,11969,10492,386,328,2389,3816,3567,27,31,32,45,-12,32,34,15,3
경기,진행,탄소,탄소,미지원,8867,9446,12815,787,915,526,390,1067,11,12,14,7,36,4,8,9,17
경기,진행,탄소,탄소,미지원,10219,9511,11588,501,644,441,504,413,24,19,18,-7,22,5,4,-21,-5
경기,진행,일반,일반,미지원,2888,911,890,130,178,117,31,-12,5,7,5,-68,-2,3,-1,40,-29
경기,진행,탄소,탄소,미지원,7607,8939,9080,596,567,226,257,219,17,15,16,18,2,3,2,-12,7
경기,진행,탄소,탄소,미지원,4564,5314,5883,590,735,111,116,365,10,9,8,16,11,2,6,-10,-11
경기,진행,일반,미지원,미지원,9088,15861,20171,172,210,-529,574,-931,174,92,96,75,27,4,-5,-47,4
경기,진행,미지원,일반,일반,2082,1006,1137,112,189,35,-20,58,9,9,6,-52,13,-2,5,0,-33
경기,진행,탄소,탄소,미지원,12258,8753,7550,151,140,269,-440,-394,58,58,54,-29,-14,-5,-5,0,-7
경기,진행,미지원,일반,일반,693,6647,5656,57,40,-20290,-22429,-37797,220,117,140,859,-15,-337,-668,-47,20
경기,진행,미지원,일반,미지원,3090,1816,1654,96,92,-908,-902,-903,22,19,18,-41,-9,-50,-55,-14,-5
경기,진행,일반,일반,일반,4497,5960,5502,745,459,378,884,499,8,8,12,33,-8,15,9,0,50
경기,진행,탄소,탄소,미지원,4739,5406,4594,360,209,229,288,216,13,15,22,14,-15,5,5,15,47
경기,진행,미지원,일반,일반,2030,3004,3087,429,343,35,51,145,9,7,9,48,3,2,5,-22,29
경기,진행,미지원,미지원,일반,4159,7559,5083,504,635,205,356,188,15,15,8,82,-33,5,4,0,-47
경기,진행,미지원,일반,미지원,2691,2289,2131,327,533,-429,255,218,13,7,4,-15,-7,11,10,-46,-43
경기,진행,일반,미지원,미지원,1170,2653,2879,531,576,42,192,245,6,5,5,127,9,7,9,-17,0
경기,진행,일반,일반,미지원,3008,2590,3860,199,297,107,65,352,15,13,13,-14,49,3,9,-13,0
경기,진행,일반,일반,일반,3244,5754,7728,822,773,142,587,1439,7,7,10,77,34,10,19,0,43
경기,진행,미지원,미지원,일반,3025,2912,3599,364,400,285,107,341,9,8,9,-4,24,4,9,-11,13
경기,진행,미지원,일반,미지원,1132,1000,1289,111,129,81,31,71,9,9,10,-12,29,3,6,0,11
경기,진행,미지원,미지원,일반,1063,1018,2067,113,188,58,16,103,12,9,11,-4,103,2,5,-25,22
경기,진행,미지원,일반,일반,13650,17902,17184,381,391,346,1158,1043,36,47,44,31,-4,6,6,31,-6
경기,중도포기,미지원,미지원,미지원,4014,5074,4050,634,337,103,159,155,6,8,12,26,-20,3,4,33,50
경기,진행,탄소,탄소,미지원,8868,7882,7166,207,175,961,460,574,39,38,41,-11,-9,6,8,-3,8
경기,진행,일반,미지원,일반,751,4142,3388,197,141,-1512,342,-958,22,21,24,452,-18,8,-28,-5,14
경기,진행,미지원,일반,미지원,1468,1033,1033,148,115,-158,-151,109,13,7,9,-30,0,-15,11,-46,29
경기,중도포기,미지원,미지원,미지원,5805,5303,6913,354,432,-188,430,28,19,15,16,-9,30,8,0,-21,7
경기,진행,일반,일반,일반,2254,2894,2251,413,375,329,754,162,7,7,6,28,-22,26,7,0,-14
경기,중도포기,미지원,미지원,미지원,4038,7655,20703,638,986,269,499,1107,9,12,21,90,170,7,5,33,75
경기,진행,미지원,미지원,일반,2397,2138,2187,107,109,-71,-73,4,23,20,20,-11,2,-3,0,-13,0
경기,진행,미지원,미지원,일반,933,1018,1202,127,172,150,48,58,8,8,7,9,18,5,5,0,-13
경기,진행,탄소,탄소,미지원,7302,9926,10111,451,374,679,704,794,22,22,27,36,2,7,8,0,23
경기,진행,미지원,일반,일반,1991,2498,1371,208,105,-285,28,-4,14,12,13,25,-45,1,0,-14,8
경기,진행,미지원,일반,미지원,22,1544,5151,110,368,-70,-32,5,4,14,14,6959,234,-2,0,250,0
경기,진행,탄소,탄소,미지원,8258,12562,13703,322,326,433,1226,1357,39,39,42,52,9,10,10,0,8
경기,진행,일반,일반,일반,682,777,604,130,121,93,101,43,6,6,5,14,-22,13,7,0,-17
경기,진행,미지원,미지원,일반,5911,9277,10722,357,370,2109,3511,4263,24,26,29,57,16,38,40,8,12
경기,진행,미지원,일반,일반,4840,4305,2935,478,326,399,319,377,9,9,9,-11,-32,7,13,0,0
경기,진행,일반,미지원,일반,8420,10549,10063,330,314,104,477,-106,25,32,32,25,-5,5,-1,28,0
경기,진행,일반,미지원,미지원,4093,4507,10437,451,1160,-283,99,-360,7,10,9,10,132,2,-3,43,-10
경기,중도포기,미지원,미지원,미지원,5117,6209,7348,259,253,330,349,594,25,24,29,21,18,6,8,-4,21
경기,진행,미지원,일반,일반,2954,3495,3513,874,878,72,196,235,3,4,4,18,1,6,7,33,0
경기,진행,미지원,미지원,일반,201,579,1063,96,133,-705,-418,-608,7,6,8,188,84,-72,-57,-14,33
경기,진행,미지원,미지원,일반,11009,9305,9149,582,704,79,146,340,15,16,13,-15,-2,2,4,7,-19
경기,진행,일반,일반,일반,2104,2697,3354,270,305,146,64,81,8,10,11,28,24,2,2,25,10
경기,진행,일반,일반,일반,1524,1214,2746,243,458,164,172,215,4,5,6,-20,126,14,8,25,20
경기,진행,탄소,탄소,미지원,1202,1099,1671,275,418,167,103,72,4,4,4,-9,52,9,4,0,0
경기,진행,미지원,일반,일반,3190,4449,8357,148,232,-9,72,1012,12,30,36,39,88,2,12,150,20
경기,진행,미지원,일반,일반,480,506,824,63,82,-123,-71,5,3,8,10,5,63,-14,1,167,25
경기,진행,미지원,일반,일반,1929,2849,3155,285,316,203,564,656,11,10,10,48,11,20,21,-9,0
경기,진행,미지원,일반,일반,3461,2288,3031,82,108,514,329,318,32,28,28,-34,32,14,11,-13,0
경기,진행,미지원,미지원,일반,451,1955,2444,18,22,-31006,-44511,-42379,95,110,111,333,25,-2277,-1734,16,1
경기,진행,미지원,일반,일반,1394,2024,1460,506,292,65,140,89,7,4,5,45,-28,7,6,-43,25
경기,진행,탄소,탄소,미지원,11948,12569,15422,292,308,250,268,-931,50,43,50,5,23,2,-6,-14,16
경기,진행,미지원,일반,미지원,1082,1279,1781,256,356,157,188,192,5,5,5,18,39,15,11,0,0
경기,진행,탄소,탄소,미지원,10565,11596,12868,362,378,472,556,879,24,32,34,10,11,5,7,33,6
경기,진행,일반,일반,일반,3729,4350,4850,435,485,640,230,157,8,10,10,17,12,5,3,25,0
경기,진행,일반,일반,일반,10620,12833,11848,513,494,203,1011,674,41,25,24,21,-8,8,6,-39,-4
경기,진행,미지원,일반,일반,2419,2518,2911,148,171,266,123,268,16,17,17,4,16,5,9,6,0
경기,진행,미지원,미지원,일반,3543,2983,4884,130,195,184,221,505,24,23,25,-16,64,7,10,-4,9
경기,진행,미지원,일반,미지원,1557,1660,1451,83,97,-173,-61,19,21,20,15,7,-13,-4,1,-5,-25
경기,중도포기,미지원,미지원,미지원,1497,1700,2285,131,176,142,175,394,13,13,13,14,34,10,17,0,0
경기,중도포기,미지원,미지원,미지원,2577,3348,4188,372,349,278,158,378,7,9,12,30,25,5,9,29,33
경기,중도포기,미지원,미지원,미지원,4485,4583,4293,104,123,-233,-399,-249,46,44,35,2,-6,-9,-6,-4,-20
경기,진행,일반,미지원,미지원,2774,2426,1910,116,127,206,123,-34,16,21,15,-13,-21,5,-2,31,-29
경기,진행,미지원,일반,미지원,786,1020,1433,146,205,57,57,77,6,7,7,30,41,6,5,17,0
경기,진행,미지원,일반,일반,11988,11999,9782,1091,889,1038,1368,1547,14,11,11,0,-18,11,16,-21,0
경기,진행,미지원,일반,일반,3148,3737,4521,220,251,106,176,225,14,17,18,19,21,5,5,21,6
경기,진행,미지원,일반,미지원,1965,2502,6060,89,233,470,101,200,29,28,26,27,142,4,3,-3,-7
경기,진행,미지원,일반,일반,903,1518,1830,152,203,5,39,97,6,10,9,68,21,3,5,67,-10
경기,진행,일반,일반,일반,971,1722,618,431,206,49,81,65,4,4,3,77,-64,5,11,0,-25
인천,진행,미지원,일반,미지원,6441,5536,5284,308,294,1463,209,108,15,18,18,-14,-5,4,2,20,0
인천,진행,미지원,일반,미지원,6308,7481,8407,340,323,865,824,847,42,22,26,19,12,11,10,-48,18
인천,진행,탄소,탄소,미지원,11079,13531,12370,1230,1237,297,570,499,11,11,10,22,-9,4,4,0,-9
인천,진행,미지원,일반,미지원,3571,5979,5256,299,229,28,98,369,20,20,23,67,-12,2,7,0,15
인천,진행,미지원,일반,미지원,489,1095,1805,122,180,109,82,109,8,9,10,124,65,8,6,13,11
인천,진행,미지원,일반,일반,1521,2661,3444,222,265,130,-351,151,10,12,13,75,29,-13,4,20,8
인천,중도포기,미지원,미지원,미지원,2642,2904,3745,290,288,323,22,190,10,10,13,10,29,1,5,0,30
인천,진행,미지원,미지원,일반,5846,5271,5680,264,210,163,-1356,-934,14,20,27,-10,8,-26,-16,43,35
인천,중도포기,미지원,미지원,미지원,5961,5923,3680,370,307,1359,1256,475,14,16,12,-1,-38,21,13,14,-25
인천,진행,일반,미지원,미지원,9178,14620,14728,406,368,570,455,798,27,36,40,59,1,3,5,33,11
인천,진행,미지원,일반,미지원,2683,3614,4113,164,216,152,214,382,13,22,19,35,14,6,9,69,-14
인천,진행,미지원,미지원,일반,1104,1810,2167,362,271,17,74,6,8,5,8,64,20,4,0,-38,60
인천,진행,탄소,탄소,미지원,1243,1274,1252,142,139,62,79,109,10,9,9,2,-2,6,9,-10,0
인천,진행,미지원,일반,일반,1863,2384,2701,217,150,74,10,109,24,11,18,28,13,0,4,-54,64
인천,진행,미지원,일반,일반,3729,1674,2572,167,234,271,20,26,7,10,11,-55,54,1,1,43,10
인천,진행,미지원,일반,일반,3222,3211,4017,169,223,-350,-75,233,19,19,18,0,25,-2,6,0,-5
인천,진행,미지원,일반,미지원,14851,11547,6036,340,151,165,926,-922,35,34,40,-22,-48,8,-15,-3,18
인천,진행,미지원,미지원,일반,1699,1538,1480,128,185,66,-5,194,15,12,8,-9,-4,0,13,-20,-33
인천,진행,미지원,일반,미지원,3944,3958,4918,165,259,255,164,220,42,24,19,0,24,4,4,-43,-21
인천,진행,미지원,일반,미지원,738,2288,7715,114,249,-77,86,3,5,20,31,210,237,4,0,300,55
인천,진행,미지원,일반,일반,820,1239,1096,113,137,108,395,297,22,11,8,51,-12,32,27,-50,-27
인천,진행,미지원,일반,미지원,9321,12351,12200,229,230,1379,2141,1882,46,54,53,33,-1,17,15,17,-2
인천,진행,미지원,일반,일반,9158,9645,8814,261,252,242,194,-409,31,37,35,5,-9,2,-5,19,-5
인천,진행,미지원,일반,일반,11101,15970,17274,532,557,1532,3033,3351,29,30,31,44,8,19,19,3,3
인천,진행,탄소,탄소,미지원,10192,10495,10459,269,308,421,306,106,33,39,34,3,0,3,1,18,-13
인천,진행,일반,일반,일반,7671,9166,10027,102,100,247,295,386,39,90,100,19,9,3,4,131,11
인천,진행,미지원,미지원,일반,2042,2702,3315,338,553,84,204,62,11,8,6,32,23,8,2,-27,-25
인천,진행,미지원,일반,일반,850,964,1240,161,413,21,19,21,4,6,3,13,29,2,2,50,-50
인천,진행,미지원,미지원,일반,1105,904,1213,181,303,48,-133,3,6,5,4,-18,34,-15,0,-17,-20
인천,진행,미지원,일반,일반,11002,10299,9835,396,351,758,503,27,23,26,28,-6,-5,5,0,13,8
인천,진행,미지원,일반,일반,6177,5971,6109,597,611,530,202,369,5,10,10,-3,2,3,6,100,0
인천,진행,미지원,미지원,일반,1036,554,719,111,180,-519,-697,43,6,5,4,-47,30,-126,6,-17,-20
강원,중도포기,미지원,미지원,미지원,8086,11185,9294,287,245,-3180,175,272,35,39,38,38,-17,2,3,11,-3
강원,진행,미지원,일반,미지원,810,574,599,96,120,69,-301,-137,6,6,5,-29,4,-52,-23,0,-17
강원,진행,미지원,일반,일반,33,143,380,6,12,-1304,-2591,-3176,18,25,31,327,166,-1817,-836,39,24
강원,진행,미지원,미지원,일반,2019,1753,1556,97,86,157,109,-88,38,18,18,-13,-11,6,-6,-53,0
강원,진행,탄소,탄소,미지원,12588,12225,12512,470,357,228,-217,144,24,26,35,-3,2,-2,1,8,35
강원,진행,탄소,탄소,미지원,4656,3790,4101,541,820,-1568,-793,233,9,7,5,-19,8,-21,6,-22,-29
강원,진행,미지원,일반,일반,1885,2852,3165,98,138,-251,138,231,32,29,23,51,11,5,7,-9,-21
강원,진행,미지원,미지원,일반,1664,1523,1588,69,79,331,334,101,22,22,20,-8,4,22,6,0,-9
강원,진행,미지원,일반,일반,1144,1917,3045,274,338,134,340,1216,4,7,9,68,59,18,40,75,29
강원,진행,미지원,일반,미지원,3927,4331,5910,433,657,128,59,161,18,10,9,10,36,1,3,-44,-10
강원,진행,미지원,일반,일반,484,575,1299,82,100,81,44,-46,4,7,13,19,126,8,-4,75,86
강원,진행,탄소,탄소,미지원,3010,3765,4871,753,812,328,239,362,9,5,6,25,29,6,7,-44,20
강원,진행,미지원,미지원,일반,3149,3422,2994,1141,998,240,214,226,3,3,3,9,-13,6,8,0,0
강원,진행,미지원,일반,미지원,2489,3334,3494,104,103,427,746,431,18,32,34,34,5,22,12,78,6
강원,진행,미지원,일반,미지원,3754,3586,5259,299,405,33,836,582,22,12,13,-4,47,23,11,-45,8
강원,진행,미지원,일반,일반,1568,1573,1733,52,51,-147,17,152,15,30,34,0,10,1,9,100,13
강원,진행,미지원,일반,미지원,4032,7691,6918,164,165,-1151,177,-2319,44,47,42,91,-10,2,-34,7,-11
강원,진행,탄소,탄소,미지원,8221,9336,9910,259,275,95,431,504,41,36,36,14,6,5,5,-12,0
강원,진행,미지원,일반,일반,6502,7018,8403,305,271,471,578,413,21,23,31,8,20,8,5,10,35
강원,진행,미지원,미지원,일반,7248,6843,7340,132,253,-650,-442,100,45,52,29,-6,7,-6,1,16,-44
강원,진행,탄소,탄소,미지원,3626,4909,3788,409,316,140,336,-117,11,12,12,35,-23,7,-3,9,0
강원,진행,일반,일반,일반,868,603,410,43,24,-1060,-878,-1089,18,14,17,-31,-32,-146,-266,-22,21
강원,진행,미지원,일반,미지원,1283,1475,1604,123,100,304,426,314,6,12,16,15,9,29,20,100,33
강원,진행,미지원,일반,일반,2980,4382,5024,337,359,-416,98,105,12,13,14,47,15,2,2,8,8
강원,진행,미지원,일반,미지원,1921,727,1009,91,101,470,-1048,-382,7,8,10,-62,39,-144,-38,14,25
